"File","Used","RefCount","Why","CalledBy"
"C:/Users/vamsi/StudioProjects/DutyPe/app/src/main/java/com/example/dutype/ads/AdManager.kt","YES","10","Referenced by 10 file(s)","C:/Users/vamsi/StudioProjects/DutyPe/app/src/main/java/com/example/dutype/ads/AdPreferences.kt; C:/Users/vamsi/StudioProjects/DutyPe/app/src/main/java/com/example/dutype/components/EmployerBottomBar.kt; C:/Users/vamsi/StudioProjects/DutyPe/app/src/main/java/com/example/dutype/di/AppModule.kt; C:/Users/vamsi/StudioProjects/DutyPe/app/src/main/java/com/example/dutype/DutyPeApplication.kt; C:/Users/vamsi/StudioProjects/DutyPe/app/src/main/java/com/example/dutype/employer/screens/applications/ApplicationDetailScreen.kt; C:/Users/vamsi/StudioProjects/DutyPe/app/src/main/java/com/example/dutype/navigation/WorkerNavGraph.kt; C:/Users/vamsi/StudioProjects/DutyPe/app/src/main/java/com/example/dutype/viewmodels/AdViewModel.kt; C:/Users/vamsi/StudioProjects/DutyPe/app/src/main/java/com/example/dutype/viewmodels/FirestoreJobViewModel.kt; C:/Users/vamsi/StudioProjects/DutyPe/app/src/main/java/com/example/dutype/viewmodels/SmartJobApplicationViewModel.kt; C:/Users/vamsi/StudioProjects/DutyPe/app/src/main/java/com/example/dutype/worker/screens/JobDescriptionScreen.kt"
"C:/Users/vamsi/StudioProjects/DutyPe/app/src/main/java/com/example/dutype/ads/AdPreferences.kt","YES","3","Referenced by 3 file(s)","C:/Users/vamsi/StudioProjects/DutyPe/app/src/main/java/com/example/dutype/di/AppModule.kt; C:/Users/vamsi/StudioProjects/DutyPe/app/src/main/java/com/example/dutype/employer/screens/applications/ApplicationDetailScreen.kt; C:/Users/vamsi/StudioProjects/DutyPe/app/src/main/java/com/example/dutype/viewmodels/AdViewModel.kt"
"C:/Users/vamsi/StudioProjects/DutyPe/app/src/main/java/com/example/dutype/auth/AuthManager.kt","YES","13","Referenced by 13 file(s)","C:/Users/vamsi/StudioProjects/DutyPe/app/src/main/java/com/example/dutype/components/ProfessionalLogoutDialog.kt; C:/Users/vamsi/StudioProjects/DutyPe/app/src/main/java/com/example/dutype/di/AppModule.kt; C:/Users/vamsi/StudioProjects/DutyPe/app/src/main/java/com/example/dutype/employer/screens/EmployerHomeScreen.kt; C:/Users/vamsi/StudioProjects/DutyPe/app/src/main/java/com/example/dutype/employer/screens/profilescreen/EmployerProfileScreen.kt; C:/Users/vamsi/StudioProjects/DutyPe/app/src/main/java/com/example/dutype/employer/screens/settings/EmployerMoreSettingsScreen.kt; C:/Users/vamsi/StudioProjects/DutyPe/app/src/main/java/com/example/dutype/employer/viewmodels/EmployerNotificationViewModel.kt; C:/Users/vamsi/StudioProjects/DutyPe/app/src/main/java/com/example/dutype/managers/RoleSwitchManager.kt; C:/Users/vamsi/StudioProjects/DutyPe/app/src/main/java/com/example/dutype/viewmodels/OtpViewModel.kt; C:/Users/vamsi/StudioProjects/DutyPe/app/src/main/java/com/example/dutype/viewmodels/ProfileCompletionViewModel.kt; C:/Users/vamsi/StudioProjects/DutyPe/app/src/main/java/com/example/dutype/viewmodels/ProfileViewModel.kt; C:/Users/vamsi/StudioProjects/DutyPe/app/src/main/java/com/example/dutype/viewmodels/RoleManagementViewModel.kt; C:/Users/vamsi/StudioProjects/DutyPe/app/src/main/java/com/example/dutype/worker/screens/profile/WorkerProfile.kt; C:/Users/vamsi/StudioProjects/DutyPe/app/src/main/java/com/example/dutype/worker/viewmodels/WorkerNotificationViewModel.kt"
"C:/Users/vamsi/StudioProjects/DutyPe/app/src/main/java/com/example/dutype/auth/EnhancedLoginScreen.kt","YES","5","Referenced by 5 file(s)","C:/Users/vamsi/StudioProjects/DutyPe/app/src/main/java/com/example/dutype/components/LoginBottomSheet.kt; C:/Users/vamsi/StudioProjects/DutyPe/app/src/main/java/com/example/dutype/employer/screens/MandatoryEmployerProfileSetupScreen.kt; C:/Users/vamsi/StudioProjects/DutyPe/app/src/main/java/com/example/dutype/navigation/CommonNavGraph.kt; C:/Users/vamsi/StudioProjects/DutyPe/app/src/main/java/com/example/dutype/navigation/MainNavGraph.kt; C:/Users/vamsi/StudioProjects/DutyPe/app/src/main/java/com/example/dutype/worker/screens/MandatoryWorkerProfileSetupScreen.kt"
"C:/Users/vamsi/StudioProjects/DutyPe/app/src/main/java/com/example/dutype/auth/FirebasePNVManager.kt","PARTIAL","1","Referenced by 1 file(s)","C:/Users/vamsi/StudioProjects/DutyPe/app/src/main/java/com/example/dutype/viewmodels/OtpViewModel.kt"
"C:/Users/vamsi/StudioProjects/DutyPe/app/src/main/java/com/example/dutype/auth/RegisterScreen.kt","YES","3","Referenced by 3 file(s)","C:/Users/vamsi/StudioProjects/DutyPe/app/src/main/java/com/example/dutype/auth/EnhancedLoginScreen.kt; C:/Users/vamsi/StudioProjects/DutyPe/app/src/main/java/com/example/dutype/navigation/CommonNavGraph.kt; C:/Users/vamsi/StudioProjects/DutyPe/app/src/main/java/com/example/dutype/navigation/MainNavGraph.kt"
"C:/Users/vamsi/StudioProjects/DutyPe/app/src/main/java/com/example/dutype/auth/SessionManager.kt","PARTIAL","2","Referenced by 2 file(s)","C:/Users/vamsi/StudioProjects/DutyPe/app/src/main/java/com/example/dutype/auth/AuthManager.kt; C:/Users/vamsi/StudioProjects/DutyPe/app/src/main/java/com/example/dutype/di/AppModule.kt"
"C:/Users/vamsi/StudioProjects/DutyPe/app/src/main/java/com/example/dutype/cache/EmployerProfileCache.kt","YES","3","Referenced by 3 file(s)","C:/Users/vamsi/StudioProjects/DutyPe/app/src/main/java/com/example/dutype/cache/RoleCacheManager.kt; C:/Users/vamsi/StudioProjects/DutyPe/app/src/main/java/com/example/dutype/di/AppModule.kt; C:/Users/vamsi/StudioProjects/DutyPe/app/src/main/java/com/example/dutype/viewmodels/FirestoreEmployerJobViewModel.kt"
"C:/Users/vamsi/StudioProjects/DutyPe/app/src/main/java/com/example/dutype/cache/JobCacheManager.kt","YES","4","Referenced by 4 file(s)","C:/Users/vamsi/StudioProjects/DutyPe/app/src/main/java/com/example/dutype/cache/RoleCacheManager.kt; C:/Users/vamsi/StudioProjects/DutyPe/app/src/main/java/com/example/dutype/di/AppModule.kt; C:/Users/vamsi/StudioProjects/DutyPe/app/src/main/java/com/example/dutype/metadata/MetadataManager.kt; C:/Users/vamsi/StudioProjects/DutyPe/app/src/main/java/com/example/dutype/repositories/FirestoreJobRepository.kt"
"C:/Users/vamsi/StudioProjects/DutyPe/app/src/main/java/com/example/dutype/cache/RoleCacheManager.kt","PARTIAL","2","Referenced by 2 file(s)","C:/Users/vamsi/StudioProjects/DutyPe/app/src/main/java/com/example/dutype/di/AppModule.kt; C:/Users/vamsi/StudioProjects/DutyPe/app/src/main/java/com/example/dutype/managers/RoleSwitchManager.kt"
"C:/Users/vamsi/StudioProjects/DutyPe/app/src/main/java/com/example/dutype/common/screens/SelectRoleScreen.kt","YES","4","Referenced by 4 file(s)","C:/Users/vamsi/StudioProjects/DutyPe/app/src/main/java/com/example/dutype/auth/EnhancedLoginScreen.kt; C:/Users/vamsi/StudioProjects/DutyPe/app/src/main/java/com/example/dutype/employer/screens/EmployerHomeScreen.kt; C:/Users/vamsi/StudioProjects/DutyPe/app/src/main/java/com/example/dutype/navigation/MainNavGraph.kt; C:/Users/vamsi/StudioProjects/DutyPe/app/src/main/java/com/example/dutype/worker/screens/WorkerHomeScreen.kt"
"C:/Users/vamsi/StudioProjects/DutyPe/app/src/main/java/com/example/dutype/common/screens/support/SupportScreens.kt","NO","0","No external references by file symbol",""
"C:/Users/vamsi/StudioProjects/DutyPe/app/src/main/java/com/example/dutype/components/AnnouncementBanner.kt","NO","0","No external references by file symbol",""
"C:/Users/vamsi/StudioProjects/DutyPe/app/src/main/java/com/example/dutype/components/ApplicationStatusBadge.kt","YES","3","Referenced by 3 file(s)","C:/Users/vamsi/StudioProjects/DutyPe/app/src/main/java/com/example/dutype/employer/screens/applications/ApplicationDetailScreen.kt; C:/Users/vamsi/StudioProjects/DutyPe/app/src/main/java/com/example/dutype/employer/screens/applications/EmployerApplicationManagementScreen.kt; C:/Users/vamsi/StudioProjects/DutyPe/app/src/main/java/com/example/dutype/worker/screens/WorkerHistoryScreen.kt"
"C:/Users/vamsi/StudioProjects/DutyPe/app/src/main/java/com/example/dutype/components/BirthdayBanner.kt","PARTIAL","2","Referenced by 2 file(s)","C:/Users/vamsi/StudioProjects/DutyPe/app/src/main/java/com/example/dutype/employer/screens/EmployerHomeScreen.kt; C:/Users/vamsi/StudioProjects/DutyPe/app/src/main/java/com/example/dutype/worker/screens/WorkerHomeScreen.kt"
"C:/Users/vamsi/StudioProjects/DutyPe/app/src/main/java/com/example/dutype/components/CommonHeader.kt","YES","31","Referenced by 31 file(s)","C:/Users/vamsi/StudioProjects/DutyPe/app/src/main/java/com/example/dutype/common/screens/support/SupportScreens.kt; C:/Users/vamsi/StudioProjects/DutyPe/app/src/main/java/com/example/dutype/employer/screens/AnalyticsScreen.kt; C:/Users/vamsi/StudioProjects/DutyPe/app/src/main/java/com/example/dutype/employer/screens/applications/ApplicationDetailScreen.kt; C:/Users/vamsi/StudioProjects/DutyPe/app/src/main/java/com/example/dutype/employer/screens/applications/EmployerApplicationManagementScreen.kt; C:/Users/vamsi/StudioProjects/DutyPe/app/src/main/java/com/example/dutype/employer/screens/EmployerAboutScreen.kt; C:/Users/vamsi/StudioProjects/DutyPe/app/src/main/java/com/example/dutype/employer/screens/EmployerCompanyDetailsScreen.kt; C:/Users/vamsi/StudioProjects/DutyPe/app/src/main/java/com/example/dutype/employer/screens/EmployerHistoryScreen.kt; C:/Users/vamsi/StudioProjects/DutyPe/app/src/main/java/com/example/dutype/employer/screens/EmployerNotificationScreen.kt; C:/Users/vamsi/StudioProjects/DutyPe/app/src/main/java/com/example/dutype/employer/screens/EmployerReferEarnScreen.kt; C:/Users/vamsi/StudioProjects/DutyPe/app/src/main/java/com/example/dutype/employer/screens/EmployerSupportScreen.kt; C:/Users/vamsi/StudioProjects/DutyPe/app/src/main/java/com/example/dutype/employer/screens/EmployerVerifyWorkScreen.kt; C:/Users/vamsi/StudioProjects/DutyPe/app/src/main/java/com/example/dutype/employer/screens/ProfessionalApplicantManagementScreen.kt; C:/Users/vamsi/StudioProjects/DutyPe/app/src/main/java/com/example/dutype/employer/screens/profile/EmployerDigitalVisitingCardScreen.kt; C:/Users/vamsi/StudioProjects/DutyPe/app/src/main/java/com/example/dutype/employer/screens/profilescreen/EmployerProfileScreen.kt; C:/Users/vamsi/StudioProjects/DutyPe/app/src/main/java/com/example/dutype/employer/screens/settings/EmployerAddressManagementScreen.kt; C:/Users/vamsi/StudioProjects/DutyPe/app/src/main/java/com/example/dutype/employer/screens/settings/EmployerMoreSettingsScreen.kt; C:/Users/vamsi/StudioProjects/DutyPe/app/src/main/java/com/example/dutype/location/ManualLocationScreen.kt; C:/Users/vamsi/StudioProjects/DutyPe/app/src/main/java/com/example/dutype/ui/theme/AppTypography.kt; C:/Users/vamsi/StudioProjects/DutyPe/app/src/main/java/com/example/dutype/worker/screens/AllJobsScreen.kt; C:/Users/vamsi/StudioProjects/DutyPe/app/src/main/java/com/example/dutype/worker/screens/CategoriesScreen.kt; C:/Users/vamsi/StudioProjects/DutyPe/app/src/main/java/com/example/dutype/worker/screens/EarningsDashboardScreen.kt; C:/Users/vamsi/StudioProjects/DutyPe/app/src/main/java/com/example/dutype/worker/screens/JobApplicationScreen.kt; C:/Users/vamsi/StudioProjects/DutyPe/app/src/main/java/com/example/dutype/worker/screens/JobDescriptionScreen.kt; C:/Users/vamsi/StudioProjects/DutyPe/app/src/main/java/com/example/dutype/worker/screens/NotificationDetailScreen.kt; C:/Users/vamsi/StudioProjects/DutyPe/app/src/main/java/com/example/dutype/worker/screens/profile/DigitalVisitingCardScreen.kt; C:/Users/vamsi/StudioProjects/DutyPe/app/src/main/java/com/example/dutype/worker/screens/profile/WorkerProfile.kt; C:/Users/vamsi/StudioProjects/DutyPe/app/src/main/java/com/example/dutype/worker/screens/WorkerAboutScreen.kt; C:/Users/vamsi/StudioProjects/DutyPe/app/src/main/java/com/example/dutype/worker/screens/WorkerHistoryScreen.kt; C:/Users/vamsi/StudioProjects/DutyPe/app/src/main/java/com/example/dutype/worker/screens/WorkerNotificationScreen.kt; C:/Users/vamsi/StudioProjects/DutyPe/app/src/main/java/com/example/dutype/worker/screens/WorkerReferEarnScreen.kt; C:/Users/vamsi/StudioProjects/DutyPe/app/src/main/java/com/example/dutype/worker/screens/WorkStartQRScreen.kt"
"C:/Users/vamsi/StudioProjects/DutyPe/app/src/main/java/com/example/dutype/components/DualRoleManager.kt","NO","0","No external references by file symbol",""
"C:/Users/vamsi/StudioProjects/DutyPe/app/src/main/java/com/example/dutype/components/EmployerBottomBar.kt","PARTIAL","1","Referenced by 1 file(s)","C:/Users/vamsi/StudioProjects/DutyPe/app/src/main/java/com/example/dutype/navigation/EmployerMainScreen.kt"
"C:/Users/vamsi/StudioProjects/DutyPe/app/src/main/java/com/example/dutype/components/ErrorCard.kt","YES","4","Referenced by 4 file(s)","C:/Users/vamsi/StudioProjects/DutyPe/app/src/main/java/com/example/dutype/auth/EnhancedLoginScreen.kt; C:/Users/vamsi/StudioProjects/DutyPe/app/src/main/java/com/example/dutype/auth/RegisterScreen.kt; C:/Users/vamsi/StudioProjects/DutyPe/app/src/main/java/com/example/dutype/components/LoginBottomSheet.kt; C:/Users/vamsi/StudioProjects/DutyPe/app/src/main/java/com/example/dutype/employer/screens/EmployerHistoryScreen.kt"
"C:/Users/vamsi/StudioProjects/DutyPe/app/src/main/java/com/example/dutype/components/FeedbackBottomSheet.kt","YES","3","Referenced by 3 file(s)","C:/Users/vamsi/StudioProjects/DutyPe/app/src/main/java/com/example/dutype/employer/screens/profilescreen/EmployerProfileScreen.kt; C:/Users/vamsi/StudioProjects/DutyPe/app/src/main/java/com/example/dutype/employer/screens/settings/EmployerMoreSettingsScreen.kt; C:/Users/vamsi/StudioProjects/DutyPe/app/src/main/java/com/example/dutype/worker/screens/profile/WorkerProfile.kt"
"C:/Users/vamsi/StudioProjects/DutyPe/app/src/main/java/com/example/dutype/components/JobSafetyBadge.kt","PARTIAL","1","Referenced by 1 file(s)","C:/Users/vamsi/StudioProjects/DutyPe/app/src/main/java/com/example/dutype/worker/components/WorkerJobCard.kt"
"C:/Users/vamsi/StudioProjects/DutyPe/app/src/main/java/com/example/dutype/components/LanguageOptionCard.kt","PARTIAL","2","Referenced by 2 file(s)","C:/Users/vamsi/StudioProjects/DutyPe/app/src/main/java/com/example/dutype/components/LanguageSelectionBottomSheet.kt; C:/Users/vamsi/StudioProjects/DutyPe/app/src/main/java/com/example/dutype/onboarding/OnboardingScreen.kt"
"C:/Users/vamsi/StudioProjects/DutyPe/app/src/main/java/com/example/dutype/components/LanguageSelectionBottomSheet.kt","YES","4","Referenced by 4 file(s)","C:/Users/vamsi/StudioProjects/DutyPe/app/src/main/java/com/example/dutype/components/LanguageOptionCard.kt; C:/Users/vamsi/StudioProjects/DutyPe/app/src/main/java/com/example/dutype/employer/screens/profilescreen/EmployerProfileScreen.kt; C:/Users/vamsi/StudioProjects/DutyPe/app/src/main/java/com/example/dutype/onboarding/OnboardingScreen.kt; C:/Users/vamsi/StudioProjects/DutyPe/app/src/main/java/com/example/dutype/worker/screens/profile/WorkerProfile.kt"
"C:/Users/vamsi/StudioProjects/DutyPe/app/src/main/java/com/example/dutype/components/LocationAutocompleteField.kt","YES","4","Referenced by 4 file(s)","C:/Users/vamsi/StudioProjects/DutyPe/app/src/main/java/com/example/dutype/employer/screens/AIJobPostingScreen.kt; C:/Users/vamsi/StudioProjects/DutyPe/app/src/main/java/com/example/dutype/employer/screens/EditJobScreen.kt; C:/Users/vamsi/StudioProjects/DutyPe/app/src/main/java/com/example/dutype/employer/screens/MandatoryEmployerProfileSetupScreen.kt; C:/Users/vamsi/StudioProjects/DutyPe/app/src/main/java/com/example/dutype/worker/screens/MandatoryWorkerProfileSetupScreen.kt"
"C:/Users/vamsi/StudioProjects/DutyPe/app/src/main/java/com/example/dutype/components/LoginBottomSheet.kt","YES","5","Referenced by 5 file(s)","C:/Users/vamsi/StudioProjects/DutyPe/app/src/main/java/com/example/dutype/employer/screens/PostJobScreen.kt; C:/Users/vamsi/StudioProjects/DutyPe/app/src/main/java/com/example/dutype/employer/screens/profilescreen/EmployerProfileScreen.kt; C:/Users/vamsi/StudioProjects/DutyPe/app/src/main/java/com/example/dutype/viewmodels/OtpViewModel.kt; C:/Users/vamsi/StudioProjects/DutyPe/app/src/main/java/com/example/dutype/worker/screens/JobDescriptionScreen.kt; C:/Users/vamsi/StudioProjects/DutyPe/app/src/main/java/com/example/dutype/worker/screens/profile/WorkerProfile.kt"
"C:/Users/vamsi/StudioProjects/DutyPe/app/src/main/java/com/example/dutype/components/NotificationDialog.kt","PARTIAL","2","Referenced by 2 file(s)","C:/Users/vamsi/StudioProjects/DutyPe/app/src/main/java/com/example/dutype/employer/screens/EmployerNotificationScreen.kt; C:/Users/vamsi/StudioProjects/DutyPe/app/src/main/java/com/example/dutype/worker/screens/WorkerNotificationScreen.kt"
"C:/Users/vamsi/StudioProjects/DutyPe/app/src/main/java/com/example/dutype/components/NotificationPermissionBottomSheet.kt","PARTIAL","2","Referenced by 2 file(s)","C:/Users/vamsi/StudioProjects/DutyPe/app/src/main/java/com/example/dutype/employer/screens/EmployerHomeScreen.kt; C:/Users/vamsi/StudioProjects/DutyPe/app/src/main/java/com/example/dutype/worker/screens/WorkerHomeScreen.kt"
"C:/Users/vamsi/StudioProjects/DutyPe/app/src/main/java/com/example/dutype/components/OfflineBanner.kt","YES","9","Referenced by 9 file(s)","C:/Users/vamsi/StudioProjects/DutyPe/app/src/main/java/com/example/dutype/employer/screens/EmployerHomeScreen.kt; C:/Users/vamsi/StudioProjects/DutyPe/app/src/main/java/com/example/dutype/employer/screens/PostJobScreen.kt; C:/Users/vamsi/StudioProjects/DutyPe/app/src/main/java/com/example/dutype/employer/screens/profilescreen/EmployerProfileScreen.kt; C:/Users/vamsi/StudioProjects/DutyPe/app/src/main/java/com/example/dutype/worker/screens/AllJobsScreen.kt; C:/Users/vamsi/StudioProjects/DutyPe/app/src/main/java/com/example/dutype/worker/screens/CategoriesScreen.kt; C:/Users/vamsi/StudioProjects/DutyPe/app/src/main/java/com/example/dutype/worker/screens/JobDescriptionScreen.kt; C:/Users/vamsi/StudioProjects/DutyPe/app/src/main/java/com/example/dutype/worker/screens/myJobs/MyJobsScreen.kt; C:/Users/vamsi/StudioProjects/DutyPe/app/src/main/java/com/example/dutype/worker/screens/profile/WorkerProfile.kt; C:/Users/vamsi/StudioProjects/DutyPe/app/src/main/java/com/example/dutype/worker/screens/WorkerHomeScreen.kt"
"C:/Users/vamsi/StudioProjects/DutyPe/app/src/main/java/com/example/dutype/components/OptimizedImage.kt","NO","0","No external references by file symbol",""
"C:/Users/vamsi/StudioProjects/DutyPe/app/src/main/java/com/example/dutype/components/ProfessionalLogoutDialog.kt","YES","3","Referenced by 3 file(s)","C:/Users/vamsi/StudioProjects/DutyPe/app/src/main/java/com/example/dutype/employer/screens/profilescreen/EmployerProfileScreen.kt; C:/Users/vamsi/StudioProjects/DutyPe/app/src/main/java/com/example/dutype/employer/screens/settings/EmployerMoreSettingsScreen.kt; C:/Users/vamsi/StudioProjects/DutyPe/app/src/main/java/com/example/dutype/worker/screens/profile/WorkerProfile.kt"
"C:/Users/vamsi/StudioProjects/DutyPe/app/src/main/java/com/example/dutype/components/RatingBottomSheet.kt","PARTIAL","2","Referenced by 2 file(s)","C:/Users/vamsi/StudioProjects/DutyPe/app/src/main/java/com/example/dutype/employer/screens/applications/ApplicationDetailScreen.kt; C:/Users/vamsi/StudioProjects/DutyPe/app/src/main/java/com/example/dutype/worker/screens/myJobs/MyJobsScreen.kt"
"C:/Users/vamsi/StudioProjects/DutyPe/app/src/main/java/com/example/dutype/components/ReferralComponents.kt","NO","0","No external references by file symbol",""
"C:/Users/vamsi/StudioProjects/DutyPe/app/src/main/java/com/example/dutype/components/ReportJobSheet.kt","PARTIAL","1","Referenced by 1 file(s)","C:/Users/vamsi/StudioProjects/DutyPe/app/src/main/java/com/example/dutype/worker/screens/JobDescriptionScreen.kt"
"C:/Users/vamsi/StudioProjects/DutyPe/app/src/main/java/com/example/dutype/components/ReusableSearchBar.kt","YES","3","Referenced by 3 file(s)","C:/Users/vamsi/StudioProjects/DutyPe/app/src/main/java/com/example/dutype/location/ManualLocationScreen.kt; C:/Users/vamsi/StudioProjects/DutyPe/app/src/main/java/com/example/dutype/worker/screens/AllJobsScreen.kt; C:/Users/vamsi/StudioProjects/DutyPe/app/src/main/java/com/example/dutype/worker/screens/myJobs/MyJobsScreen.kt"
"C:/Users/vamsi/StudioProjects/DutyPe/app/src/main/java/com/example/dutype/components/ScrollAwareLazyColumn.kt","YES","6","Referenced by 6 file(s)","C:/Users/vamsi/StudioProjects/DutyPe/app/src/main/java/com/example/dutype/employer/screens/EmployerHomeScreen.kt; C:/Users/vamsi/StudioProjects/DutyPe/app/src/main/java/com/example/dutype/employer/screens/ProfessionalApplicantManagementScreen.kt; C:/Users/vamsi/StudioProjects/DutyPe/app/src/main/java/com/example/dutype/employer/screens/ProfessionalWorkerProfileViewScreen.kt; C:/Users/vamsi/StudioProjects/DutyPe/app/src/main/java/com/example/dutype/worker/screens/myJobs/MyJobsScreen.kt; C:/Users/vamsi/StudioProjects/DutyPe/app/src/main/java/com/example/dutype/worker/screens/myJobs/SavedJobsList.kt; C:/Users/vamsi/StudioProjects/DutyPe/app/src/main/java/com/example/dutype/worker/screens/WorkerHomeScreen.kt"
"C:/Users/vamsi/StudioProjects/DutyPe/app/src/main/java/com/example/dutype/components/SecuritySheets.kt","NO","0","No external references by file symbol",""
"C:/Users/vamsi/StudioProjects/DutyPe/app/src/main/java/com/example/dutype/components/ShareJobButton.kt","NO","0","No external references by file symbol",""
"C:/Users/vamsi/StudioProjects/DutyPe/app/src/main/java/com/example/dutype/components/ShimmerComponents.kt","NO","0","No external references by file symbol",""
"C:/Users/vamsi/StudioProjects/DutyPe/app/src/main/java/com/example/dutype/components/TrustBadge.kt","PARTIAL","2","Referenced by 2 file(s)","C:/Users/vamsi/StudioProjects/DutyPe/app/src/main/java/com/example/dutype/employer/screens/TrustBadgesScreen.kt; C:/Users/vamsi/StudioProjects/DutyPe/app/src/main/java/com/example/dutype/worker/screens/JobDescriptionScreen.kt"
"C:/Users/vamsi/StudioProjects/DutyPe/app/src/main/java/com/example/dutype/components/UserReviewsBottomSheet.kt","YES","5","Referenced by 5 file(s)","C:/Users/vamsi/StudioProjects/DutyPe/app/src/main/java/com/example/dutype/employer/screens/applications/ApplicationDetailScreen.kt; C:/Users/vamsi/StudioProjects/DutyPe/app/src/main/java/com/example/dutype/employer/screens/EmployerCompanyDetailsScreen.kt; C:/Users/vamsi/StudioProjects/DutyPe/app/src/main/java/com/example/dutype/employer/screens/profile/EmployerDigitalVisitingCardScreen.kt; C:/Users/vamsi/StudioProjects/DutyPe/app/src/main/java/com/example/dutype/worker/screens/profile/DigitalVisitingCardScreen.kt; C:/Users/vamsi/StudioProjects/DutyPe/app/src/main/java/com/example/dutype/worker/screens/profile/WorkerProfileDetailsScreen.kt"
"C:/Users/vamsi/StudioProjects/DutyPe/app/src/main/java/com/example/dutype/components/WhatsAppApplyButton.kt","NO","0","No external references by file symbol",""
"C:/Users/vamsi/StudioProjects/DutyPe/app/src/main/java/com/example/dutype/components/WorkerBottomBar.kt","PARTIAL","1","Referenced by 1 file(s)","C:/Users/vamsi/StudioProjects/DutyPe/app/src/main/java/com/example/dutype/navigation/WorkerMainScreen.kt"
"C:/Users/vamsi/StudioProjects/DutyPe/app/src/main/java/com/example/dutype/core/error/DutyPeError.kt","YES","3","Referenced by 3 file(s)","C:/Users/vamsi/StudioProjects/DutyPe/app/src/main/java/com/example/dutype/core/error/ErrorHandler.kt; C:/Users/vamsi/StudioProjects/DutyPe/app/src/main/java/com/example/dutype/core/observability/ObservabilityManager.kt; C:/Users/vamsi/StudioProjects/DutyPe/app/src/main/java/com/example/dutype/core/resilience/RateLimiter.kt"
"C:/Users/vamsi/StudioProjects/DutyPe/app/src/main/java/com/example/dutype/core/error/ErrorHandler.kt","YES","6","Referenced by 6 file(s)","C:/Users/vamsi/StudioProjects/DutyPe/app/src/main/java/com/example/dutype/di/AppModule.kt; C:/Users/vamsi/StudioProjects/DutyPe/app/src/main/java/com/example/dutype/repositories/FirestoreJobRepository.kt; C:/Users/vamsi/StudioProjects/DutyPe/app/src/main/java/com/example/dutype/services/JobApplicationService.kt; C:/Users/vamsi/StudioProjects/DutyPe/app/src/main/java/com/example/dutype/services/ProfileCompletionService.kt; C:/Users/vamsi/StudioProjects/DutyPe/app/src/main/java/com/example/dutype/utils/CrashReportingHelper.kt; C:/Users/vamsi/StudioProjects/DutyPe/app/src/main/java/com/example/dutype/viewmodels/OtpViewModel.kt"
"C:/Users/vamsi/StudioProjects/DutyPe/app/src/main/java/com/example/dutype/core/observability/ObservabilityManager.kt","PARTIAL","2","Referenced by 2 file(s)","C:/Users/vamsi/StudioProjects/DutyPe/app/src/main/java/com/example/dutype/core/error/ErrorHandler.kt; C:/Users/vamsi/StudioProjects/DutyPe/app/src/main/java/com/example/dutype/di/AppModule.kt"
"C:/Users/vamsi/StudioProjects/DutyPe/app/src/main/java/com/example/dutype/core/resilience/RateLimiter.kt","PARTIAL","2","Referenced by 2 file(s)","C:/Users/vamsi/StudioProjects/DutyPe/app/src/main/java/com/example/dutype/di/AppModule.kt; C:/Users/vamsi/StudioProjects/DutyPe/app/src/main/java/com/example/dutype/services/JobApplicationService.kt"
"C:/Users/vamsi/StudioProjects/DutyPe/app/src/main/java/com/example/dutype/data/ApplicationFormDataStore.kt","YES","5","Referenced by 5 file(s)","C:/Users/vamsi/StudioProjects/DutyPe/app/src/main/java/com/example/dutype/di/AppModule.kt; C:/Users/vamsi/StudioProjects/DutyPe/app/src/main/java/com/example/dutype/navigation/MainNavGraph.kt; C:/Users/vamsi/StudioProjects/DutyPe/app/src/main/java/com/example/dutype/navigation/WorkerNavGraph.kt; C:/Users/vamsi/StudioProjects/DutyPe/app/src/main/java/com/example/dutype/worker/screens/profile/WorkerProfile.kt; C:/Users/vamsi/StudioProjects/DutyPe/app/src/main/java/com/example/dutype/worker/screens/profile/WorkerProfileDetailsScreen.kt"
"C:/Users/vamsi/StudioProjects/DutyPe/app/src/main/java/com/example/dutype/data/JobDraftDataStore.kt","PARTIAL","2","Referenced by 2 file(s)","C:/Users/vamsi/StudioProjects/DutyPe/app/src/main/java/com/example/dutype/employer/screens/PostJobScreen.kt; C:/Users/vamsi/StudioProjects/DutyPe/app/src/main/java/com/example/dutype/viewmodels/FirestoreEmployerJobViewModel.kt"
"C:/Users/vamsi/StudioProjects/DutyPe/app/src/main/java/com/example/dutype/database/Converters.kt","PARTIAL","1","Referenced by 1 file(s)","C:/Users/vamsi/StudioProjects/DutyPe/app/src/main/java/com/example/dutype/database/DutyPeDatabase.kt"
"C:/Users/vamsi/StudioProjects/DutyPe/app/src/main/java/com/example/dutype/database/dao/ApplicationDao.kt","YES","3","Referenced by 3 file(s)","C:/Users/vamsi/StudioProjects/DutyPe/app/src/main/java/com/example/dutype/database/DutyPeDatabase.kt; C:/Users/vamsi/StudioProjects/DutyPe/app/src/main/java/com/example/dutype/di/AppModule.kt; C:/Users/vamsi/StudioProjects/DutyPe/app/src/main/java/com/example/dutype/worker/sync/JobSyncWorker.kt"
"C:/Users/vamsi/StudioProjects/DutyPe/app/src/main/java/com/example/dutype/database/dao/JobDao.kt","YES","4","Referenced by 4 file(s)","C:/Users/vamsi/StudioProjects/DutyPe/app/src/main/java/com/example/dutype/database/DutyPeDatabase.kt; C:/Users/vamsi/StudioProjects/DutyPe/app/src/main/java/com/example/dutype/di/AppModule.kt; C:/Users/vamsi/StudioProjects/DutyPe/app/src/main/java/com/example/dutype/repositories/OfflineFirstJobRepository.kt; C:/Users/vamsi/StudioProjects/DutyPe/app/src/main/java/com/example/dutype/worker/sync/JobSyncWorker.kt"
"C:/Users/vamsi/StudioProjects/DutyPe/app/src/main/java/com/example/dutype/database/dao/SavedJobDao.kt","PARTIAL","2","Referenced by 2 file(s)","C:/Users/vamsi/StudioProjects/DutyPe/app/src/main/java/com/example/dutype/database/DutyPeDatabase.kt; C:/Users/vamsi/StudioProjects/DutyPe/app/src/main/java/com/example/dutype/di/AppModule.kt"
"C:/Users/vamsi/StudioProjects/DutyPe/app/src/main/java/com/example/dutype/database/DutyPeDatabase.kt","PARTIAL","1","Referenced by 1 file(s)","C:/Users/vamsi/StudioProjects/DutyPe/app/src/main/java/com/example/dutype/di/AppModule.kt"
"C:/Users/vamsi/StudioProjects/DutyPe/app/src/main/java/com/example/dutype/database/entity/ApplicationEntity.kt","PARTIAL","2","Referenced by 2 file(s)","C:/Users/vamsi/StudioProjects/DutyPe/app/src/main/java/com/example/dutype/database/dao/ApplicationDao.kt; C:/Users/vamsi/StudioProjects/DutyPe/app/src/main/java/com/example/dutype/database/DutyPeDatabase.kt"
"C:/Users/vamsi/StudioProjects/DutyPe/app/src/main/java/com/example/dutype/database/entity/JobEntity.kt","YES","3","Referenced by 3 file(s)","C:/Users/vamsi/StudioProjects/DutyPe/app/src/main/java/com/example/dutype/database/dao/JobDao.kt; C:/Users/vamsi/StudioProjects/DutyPe/app/src/main/java/com/example/dutype/database/DutyPeDatabase.kt; C:/Users/vamsi/StudioProjects/DutyPe/app/src/main/java/com/example/dutype/repositories/OfflineFirstJobRepository.kt"
"C:/Users/vamsi/StudioProjects/DutyPe/app/src/main/java/com/example/dutype/database/entity/SavedJobEntity.kt","PARTIAL","2","Referenced by 2 file(s)","C:/Users/vamsi/StudioProjects/DutyPe/app/src/main/java/com/example/dutype/database/dao/SavedJobDao.kt; C:/Users/vamsi/StudioProjects/DutyPe/app/src/main/java/com/example/dutype/database/DutyPeDatabase.kt"
"C:/Users/vamsi/StudioProjects/DutyPe/app/src/main/java/com/example/dutype/di/AIModule.kt","NO","0","No external references by file symbol",""
"C:/Users/vamsi/StudioProjects/DutyPe/app/src/main/java/com/example/dutype/di/AppModule.kt","NO","0","No external references by file symbol",""
"C:/Users/vamsi/StudioProjects/DutyPe/app/src/main/java/com/example/dutype/DutyPeApplication.kt","PARTIAL","1","Referenced by 1 file(s)","C:/Users/vamsi/StudioProjects/DutyPe/app/src/main/java/com/example/dutype/ads/AdManager.kt"
"C:/Users/vamsi/StudioProjects/DutyPe/app/src/main/java/com/example/dutype/employer/components/EmployerJobCard.kt","PARTIAL","2","Referenced by 2 file(s)","C:/Users/vamsi/StudioProjects/DutyPe/app/src/main/java/com/example/dutype/employer/screens/EmployerHomeScreen.kt; C:/Users/vamsi/StudioProjects/DutyPe/app/src/main/java/com/example/dutype/employer/screens/EmployerHistoryScreen.kt"
"C:/Users/vamsi/StudioProjects/DutyPe/app/src/main/java/com/example/dutype/employer/components/JobImageUploadSection.kt","PARTIAL","1","Referenced by 1 file(s)","C:/Users/vamsi/StudioProjects/DutyPe/app/src/main/java/com/example/dutype/employer/screens/PostJobScreen.kt"
"C:/Users/vamsi/StudioProjects/DutyPe/app/src/main/java/com/example/dutype/employer/components/JobSummaryComponents.kt","NO","0","No external references by file symbol",""
"C:/Users/vamsi/StudioProjects/DutyPe/app/src/main/java/com/example/dutype/employer/components/postjob/PostJobNavigationButtons.kt","NO","0","No external references by file symbol",""
"C:/Users/vamsi/StudioProjects/DutyPe/app/src/main/java/com/example/dutype/employer/components/postjob/PostJobStepIndicator.kt","NO","0","No external references by file symbol",""
"C:/Users/vamsi/StudioProjects/DutyPe/app/src/main/java/com/example/dutype/employer/components/PostJobComponents.kt","NO","0","No external references by file symbol",""
"C:/Users/vamsi/StudioProjects/DutyPe/app/src/main/java/com/example/dutype/employer/helpers/JobPostingHelpers.kt","PARTIAL","1","Referenced by 1 file(s)","C:/Users/vamsi/StudioProjects/DutyPe/app/src/main/java/com/example/dutype/employer/components/EmployerJobCard.kt"
"C:/Users/vamsi/StudioProjects/DutyPe/app/src/main/java/com/example/dutype/employer/models/JobEnums.kt","NO","0","No external references by file symbol",""
"C:/Users/vamsi/StudioProjects/DutyPe/app/src/main/java/com/example/dutype/employer/models/JobPostingModel.kt","YES","5","Referenced by 5 file(s)","C:/Users/vamsi/StudioProjects/DutyPe/app/src/main/java/com/example/dutype/employer/components/EmployerJobCard.kt; C:/Users/vamsi/StudioProjects/DutyPe/app/src/main/java/com/example/dutype/employer/helpers/JobPostingHelpers.kt; C:/Users/vamsi/StudioProjects/DutyPe/app/src/main/java/com/example/dutype/employer/screens/EmployerHomeScreen.kt; C:/Users/vamsi/StudioProjects/DutyPe/app/src/main/java/com/example/dutype/employer/screens/EmployerHistoryScreen.kt; C:/Users/vamsi/StudioProjects/DutyPe/app/src/main/java/com/example/dutype/employer/screens/PostJobScreen.kt"
"C:/Users/vamsi/StudioProjects/DutyPe/app/src/main/java/com/example/dutype/employer/models/JobStats.kt","YES","3","Referenced by 3 file(s)","C:/Users/vamsi/StudioProjects/DutyPe/app/src/main/java/com/example/dutype/employer/screens/AnalyticsScreen.kt; C:/Users/vamsi/StudioProjects/DutyPe/app/src/main/java/com/example/dutype/employer/screens/EmployerHomeScreen.kt; C:/Users/vamsi/StudioProjects/DutyPe/app/src/main/java/com/example/dutype/employer/screens/EmployerHistoryScreen.kt"
"C:/Users/vamsi/StudioProjects/DutyPe/app/src/main/java/com/example/dutype/employer/screens/AIJobPostingScreen.kt","PARTIAL","1","Referenced by 1 file(s)","C:/Users/vamsi/StudioProjects/DutyPe/app/src/main/java/com/example/dutype/navigation/EmployerMainScreen.kt"
"C:/Users/vamsi/StudioProjects/DutyPe/app/src/main/java/com/example/dutype/employer/screens/AnalyticsScreen.kt","YES","5","Referenced by 5 file(s)","C:/Users/vamsi/StudioProjects/DutyPe/app/src/main/java/com/example/dutype/employer/models/JobStats.kt; C:/Users/vamsi/StudioProjects/DutyPe/app/src/main/java/com/example/dutype/employer/screens/EmployerHomeScreen.kt; C:/Users/vamsi/StudioProjects/DutyPe/app/src/main/java/com/example/dutype/navigation/EmployerMainScreen.kt; C:/Users/vamsi/StudioProjects/DutyPe/app/src/main/java/com/example/dutype/navigation/EmployerNavGraph.kt; C:/Users/vamsi/StudioProjects/DutyPe/app/src/main/java/com/example/dutype/navigation/MainNavGraph.kt"
"C:/Users/vamsi/StudioProjects/DutyPe/app/src/main/java/com/example/dutype/employer/screens/applications/ApplicationDetailScreen.kt","YES","3","Referenced by 3 file(s)","C:/Users/vamsi/StudioProjects/DutyPe/app/src/main/java/com/example/dutype/navigation/EmployerMainScreen.kt; C:/Users/vamsi/StudioProjects/DutyPe/app/src/main/java/com/example/dutype/navigation/EmployerNavGraph.kt; C:/Users/vamsi/StudioProjects/DutyPe/app/src/main/java/com/example/dutype/navigation/MainNavGraph.kt"
"C:/Users/vamsi/StudioProjects/DutyPe/app/src/main/java/com/example/dutype/employer/screens/applications/EmployerApplicationManagementScreen.kt","YES","4","Referenced by 4 file(s)","C:/Users/vamsi/StudioProjects/DutyPe/app/src/main/java/com/example/dutype/employer/screens/AnalyticsScreen.kt; C:/Users/vamsi/StudioProjects/DutyPe/app/src/main/java/com/example/dutype/navigation/EmployerMainScreen.kt; C:/Users/vamsi/StudioProjects/DutyPe/app/src/main/java/com/example/dutype/navigation/EmployerNavGraph.kt; C:/Users/vamsi/StudioProjects/DutyPe/app/src/main/java/com/example/dutype/navigation/MainNavGraph.kt"
"C:/Users/vamsi/StudioProjects/DutyPe/app/src/main/java/com/example/dutype/employer/screens/EditJobScreen.kt","YES","3","Referenced by 3 file(s)","C:/Users/vamsi/StudioProjects/DutyPe/app/src/main/java/com/example/dutype/navigation/EmployerMainScreen.kt; C:/Users/vamsi/StudioProjects/DutyPe/app/src/main/java/com/example/dutype/navigation/EmployerNavGraph.kt; C:/Users/vamsi/StudioProjects/DutyPe/app/src/main/java/com/example/dutype/navigation/MainNavGraph.kt"
"C:/Users/vamsi/StudioProjects/DutyPe/app/src/main/java/com/example/dutype/employer/screens/EmployerAboutScreen.kt","PARTIAL","2","Referenced by 2 file(s)","C:/Users/vamsi/StudioProjects/DutyPe/app/src/main/java/com/example/dutype/navigation/EmployerMainScreen.kt; C:/Users/vamsi/StudioProjects/DutyPe/app/src/main/java/com/example/dutype/navigation/EmployerNavGraph.kt"
"C:/Users/vamsi/StudioProjects/DutyPe/app/src/main/java/com/example/dutype/employer/screens/EmployerCompanyDetailsScreen.kt","YES","3","Referenced by 3 file(s)","C:/Users/vamsi/StudioProjects/DutyPe/app/src/main/java/com/example/dutype/navigation/EmployerMainScreen.kt; C:/Users/vamsi/StudioProjects/DutyPe/app/src/main/java/com/example/dutype/navigation/EmployerNavGraph.kt; C:/Users/vamsi/StudioProjects/DutyPe/app/src/main/java/com/example/dutype/navigation/MainNavGraph.kt"
"C:/Users/vamsi/StudioProjects/DutyPe/app/src/main/java/com/example/dutype/employer/screens/EmployerHistoryScreen.kt","YES","3","Referenced by 3 file(s)","C:/Users/vamsi/StudioProjects/DutyPe/app/src/main/java/com/example/dutype/navigation/EmployerMainScreen.kt; C:/Users/vamsi/StudioProjects/DutyPe/app/src/main/java/com/example/dutype/navigation/EmployerNavGraph.kt; C:/Users/vamsi/StudioProjects/DutyPe/app/src/main/java/com/example/dutype/utils/DateTimeUtils.kt"
"C:/Users/vamsi/StudioProjects/DutyPe/app/src/main/java/com/example/dutype/employer/screens/EmployerHomeScreen.kt","PARTIAL","2","Referenced by 2 file(s)","C:/Users/vamsi/StudioProjects/DutyPe/app/src/main/java/com/example/dutype/employer/models/JobStats.kt; C:/Users/vamsi/StudioProjects/DutyPe/app/src/main/java/com/example/dutype/navigation/EmployerMainScreen.kt"
"C:/Users/vamsi/StudioProjects/DutyPe/app/src/main/java/com/example/dutype/employer/screens/EmployerNotificationScreen.kt","PARTIAL","2","Referenced by 2 file(s)","C:/Users/vamsi/StudioProjects/DutyPe/app/src/main/java/com/example/dutype/navigation/EmployerMainScreen.kt; C:/Users/vamsi/StudioProjects/DutyPe/app/src/main/java/com/example/dutype/navigation/EmployerNavGraph.kt"
"C:/Users/vamsi/StudioProjects/DutyPe/app/src/main/java/com/example/dutype/employer/screens/EmployerReferEarnScreen.kt","PARTIAL","2","Referenced by 2 file(s)","C:/Users/vamsi/StudioProjects/DutyPe/app/src/main/java/com/example/dutype/navigation/EmployerMainScreen.kt; C:/Users/vamsi/StudioProjects/DutyPe/app/src/main/java/com/example/dutype/navigation/EmployerNavGraph.kt"
"C:/Users/vamsi/StudioProjects/DutyPe/app/src/main/java/com/example/dutype/employer/screens/EmployerSupportScreen.kt","PARTIAL","2","Referenced by 2 file(s)","C:/Users/vamsi/StudioProjects/DutyPe/app/src/main/java/com/example/dutype/navigation/EmployerMainScreen.kt; C:/Users/vamsi/StudioProjects/DutyPe/app/src/main/java/com/example/dutype/navigation/EmployerNavGraph.kt"
"C:/Users/vamsi/StudioProjects/DutyPe/app/src/main/java/com/example/dutype/employer/screens/EmployerVerifyWorkScreen.kt","YES","3","Referenced by 3 file(s)","C:/Users/vamsi/StudioProjects/DutyPe/app/src/main/java/com/example/dutype/navigation/EmployerMainScreen.kt; C:/Users/vamsi/StudioProjects/DutyPe/app/src/main/java/com/example/dutype/navigation/EmployerNavGraph.kt; C:/Users/vamsi/StudioProjects/DutyPe/app/src/main/java/com/example/dutype/utils/DateTimeUtils.kt"
"C:/Users/vamsi/StudioProjects/DutyPe/app/src/main/java/com/example/dutype/employer/screens/MandatoryEmployerProfileSetupScreen.kt","YES","3","Referenced by 3 file(s)","C:/Users/vamsi/StudioProjects/DutyPe/app/src/main/java/com/example/dutype/navigation/EmployerMainScreen.kt; C:/Users/vamsi/StudioProjects/DutyPe/app/src/main/java/com/example/dutype/navigation/EmployerNavGraph.kt; C:/Users/vamsi/StudioProjects/DutyPe/app/src/main/java/com/example/dutype/navigation/MainNavGraph.kt"
"C:/Users/vamsi/StudioProjects/DutyPe/app/src/main/java/com/example/dutype/employer/screens/EmployerHistoryScreen.kt","PARTIAL","2","Referenced by 2 file(s)","C:/Users/vamsi/StudioProjects/DutyPe/app/src/main/java/com/example/dutype/employer/models/JobStats.kt; C:/Users/vamsi/StudioProjects/DutyPe/app/src/main/java/com/example/dutype/navigation/EmployerMainScreen.kt"
"C:/Users/vamsi/StudioProjects/DutyPe/app/src/main/java/com/example/dutype/employer/screens/PostJobScreen.kt","YES","5","Referenced by 5 file(s)","C:/Users/vamsi/StudioProjects/DutyPe/app/src/main/java/com/example/dutype/employer/components/JobImageUploadSection.kt; C:/Users/vamsi/StudioProjects/DutyPe/app/src/main/java/com/example/dutype/employer/components/postjob/PostJobStepIndicator.kt; C:/Users/vamsi/StudioProjects/DutyPe/app/src/main/java/com/example/dutype/employer/screens/MandatoryEmployerProfileSetupScreen.kt; C:/Users/vamsi/StudioProjects/DutyPe/app/src/main/java/com/example/dutype/navigation/EmployerMainScreen.kt; C:/Users/vamsi/StudioProjects/DutyPe/app/src/main/java/com/example/dutype/viewmodels/FirestoreEmployerJobViewModel.kt"
"C:/Users/vamsi/StudioProjects/DutyPe/app/src/main/java/com/example/dutype/employer/screens/ProfessionalApplicantManagementScreen.kt","NO","0","No external references by file symbol",""
"C:/Users/vamsi/StudioProjects/DutyPe/app/src/main/java/com/example/dutype/employer/screens/ProfessionalWorkerProfileViewScreen.kt","YES","3","Referenced by 3 file(s)","C:/Users/vamsi/StudioProjects/DutyPe/app/src/main/java/com/example/dutype/navigation/CommonNavGraph.kt; C:/Users/vamsi/StudioProjects/DutyPe/app/src/main/java/com/example/dutype/navigation/EmployerMainScreen.kt; C:/Users/vamsi/StudioProjects/DutyPe/app/src/main/java/com/example/dutype/navigation/EmployerNavGraph.kt"
"C:/Users/vamsi/StudioProjects/DutyPe/app/src/main/java/com/example/dutype/employer/screens/profile/EmployerDigitalVisitingCardScreen.kt","PARTIAL","2","Referenced by 2 file(s)","C:/Users/vamsi/StudioProjects/DutyPe/app/src/main/java/com/example/dutype/navigation/EmployerMainScreen.kt; C:/Users/vamsi/StudioProjects/DutyPe/app/src/main/java/com/example/dutype/navigation/EmployerNavGraph.kt"
"C:/Users/vamsi/StudioProjects/DutyPe/app/src/main/java/com/example/dutype/employer/screens/profilescreen/EmployerFormScreen.kt","NO","0","No external references by file symbol",""
"C:/Users/vamsi/StudioProjects/DutyPe/app/src/main/java/com/example/dutype/employer/screens/profilescreen/EmployerProfileScreen.kt","YES","3","Referenced by 3 file(s)","C:/Users/vamsi/StudioProjects/DutyPe/app/src/main/java/com/example/dutype/navigation/EmployerMainScreen.kt; C:/Users/vamsi/StudioProjects/DutyPe/app/src/main/java/com/example/dutype/navigation/EmployerNavGraph.kt; C:/Users/vamsi/StudioProjects/DutyPe/app/src/main/java/com/example/dutype/navigation/MainNavGraph.kt"
"C:/Users/vamsi/StudioProjects/DutyPe/app/src/main/java/com/example/dutype/employer/screens/settings/EmployerAddressManagementScreen.kt","PARTIAL","2","Referenced by 2 file(s)","C:/Users/vamsi/StudioProjects/DutyPe/app/src/main/java/com/example/dutype/navigation/EmployerMainScreen.kt; C:/Users/vamsi/StudioProjects/DutyPe/app/src/main/java/com/example/dutype/navigation/EmployerNavGraph.kt"
"C:/Users/vamsi/StudioProjects/DutyPe/app/src/main/java/com/example/dutype/employer/screens/settings/EmployerMoreSettingsScreen.kt","PARTIAL","2","Referenced by 2 file(s)","C:/Users/vamsi/StudioProjects/DutyPe/app/src/main/java/com/example/dutype/navigation/EmployerMainScreen.kt; C:/Users/vamsi/StudioProjects/DutyPe/app/src/main/java/com/example/dutype/navigation/EmployerNavGraph.kt"
"C:/Users/vamsi/StudioProjects/DutyPe/app/src/main/java/com/example/dutype/employer/screens/TrustBadgesScreen.kt","PARTIAL","2","Referenced by 2 file(s)","C:/Users/vamsi/StudioProjects/DutyPe/app/src/main/java/com/example/dutype/navigation/EmployerMainScreen.kt; C:/Users/vamsi/StudioProjects/DutyPe/app/src/main/java/com/example/dutype/navigation/EmployerNavGraph.kt"
"C:/Users/vamsi/StudioProjects/DutyPe/app/src/main/java/com/example/dutype/employer/screens/VoiceJobPostingScreen.kt","PARTIAL","1","Referenced by 1 file(s)","C:/Users/vamsi/StudioProjects/DutyPe/app/src/main/java/com/example/dutype/navigation/EmployerMainScreen.kt"
"C:/Users/vamsi/StudioProjects/DutyPe/app/src/main/java/com/example/dutype/employer/sync/JobPostingWorker.kt","PARTIAL","1","Referenced by 1 file(s)","C:/Users/vamsi/StudioProjects/DutyPe/app/src/main/java/com/example/dutype/viewmodels/FirestoreEmployerJobViewModel.kt"
"C:/Users/vamsi/StudioProjects/DutyPe/app/src/main/java/com/example/dutype/employer/viewmodels/AIJobPostingViewModel.kt","YES","3","Referenced by 3 file(s)","C:/Users/vamsi/StudioProjects/DutyPe/app/src/main/java/com/example/dutype/employer/screens/AIJobPostingScreen.kt; C:/Users/vamsi/StudioProjects/DutyPe/app/src/main/java/com/example/dutype/employer/screens/PostJobScreen.kt; C:/Users/vamsi/StudioProjects/DutyPe/app/src/main/java/com/example/dutype/utils/ViewModelCleaner.kt"
"C:/Users/vamsi/StudioProjects/DutyPe/app/src/main/java/com/example/dutype/employer/viewmodels/EmployerNotificationViewModel.kt","PARTIAL","2","Referenced by 2 file(s)","C:/Users/vamsi/StudioProjects/DutyPe/app/src/main/java/com/example/dutype/employer/screens/EmployerNotificationScreen.kt; C:/Users/vamsi/StudioProjects/DutyPe/app/src/main/java/com/example/dutype/utils/ViewModelCleaner.kt"
"C:/Users/vamsi/StudioProjects/DutyPe/app/src/main/java/com/example/dutype/employer/viewmodels/VoiceJobPostingViewModel.kt","PARTIAL","1","Referenced by 1 file(s)","C:/Users/vamsi/StudioProjects/DutyPe/app/src/main/java/com/example/dutype/employer/screens/VoiceJobPostingScreen.kt"
"C:/Users/vamsi/StudioProjects/DutyPe/app/src/main/java/com/example/dutype/engine/NearestJobsEngine.kt","YES","5","Referenced by 5 file(s)","C:/Users/vamsi/StudioProjects/DutyPe/app/src/main/java/com/example/dutype/viewmodels/AllJobsViewModel.kt; C:/Users/vamsi/StudioProjects/DutyPe/app/src/main/java/com/example/dutype/viewmodels/CategoriesViewModel.kt; C:/Users/vamsi/StudioProjects/DutyPe/app/src/main/java/com/example/dutype/viewmodels/FirestoreJobViewModel.kt; C:/Users/vamsi/StudioProjects/DutyPe/app/src/main/java/com/example/dutype/viewmodels/WorkerHomeViewModel.kt; C:/Users/vamsi/StudioProjects/DutyPe/app/src/main/java/com/example/dutype/worker/screens/map/JobMapScreen.kt"
"C:/Users/vamsi/StudioProjects/DutyPe/app/src/main/java/com/example/dutype/location/AzureMapsService.kt","PARTIAL","1","Referenced by 1 file(s)","C:/Users/vamsi/StudioProjects/DutyPe/app/src/main/java/com/example/dutype/location/ManualLocationScreen.kt"
"C:/Users/vamsi/StudioProjects/DutyPe/app/src/main/java/com/example/dutype/location/LocationPreferences.kt","YES","14","Referenced by 14 file(s)","C:/Users/vamsi/StudioProjects/DutyPe/app/src/main/java/com/example/dutype/common/screens/SelectRoleScreen.kt; C:/Users/vamsi/StudioProjects/DutyPe/app/src/main/java/com/example/dutype/di/AppModule.kt; C:/Users/vamsi/StudioProjects/DutyPe/app/src/main/java/com/example/dutype/location/ManualLocationScreen.kt; C:/Users/vamsi/StudioProjects/DutyPe/app/src/main/java/com/example/dutype/utils/LocationService.kt; C:/Users/vamsi/StudioProjects/DutyPe/app/src/main/java/com/example/dutype/viewmodels/AllJobsViewModel.kt; C:/Users/vamsi/StudioProjects/DutyPe/app/src/main/java/com/example/dutype/viewmodels/CategoriesViewModel.kt; C:/Users/vamsi/StudioProjects/DutyPe/app/src/main/java/com/example/dutype/viewmodels/FirestoreJobViewModel.kt; C:/Users/vamsi/StudioProjects/DutyPe/app/src/main/java/com/example/dutype/viewmodels/ProfileCompletionViewModel.kt; C:/Users/vamsi/StudioProjects/DutyPe/app/src/main/java/com/example/dutype/viewmodels/WorkerHomeViewModel.kt; C:/Users/vamsi/StudioProjects/DutyPe/app/src/main/java/com/example/dutype/worker/screens/AllJobsScreen.kt; C:/Users/vamsi/StudioProjects/DutyPe/app/src/main/java/com/example/dutype/worker/screens/CategoriesScreen.kt; C:/Users/vamsi/StudioProjects/DutyPe/app/src/main/java/com/example/dutype/worker/screens/JobDescriptionScreen.kt; C:/Users/vamsi/StudioProjects/DutyPe/app/src/main/java/com/example/dutype/worker/screens/MandatoryWorkerProfileSetupScreen.kt; C:/Users/vamsi/StudioProjects/DutyPe/app/src/main/java/com/example/dutype/worker/screens/WorkerHomeScreen.kt"
"C:/Users/vamsi/StudioProjects/DutyPe/app/src/main/java/com/example/dutype/location/LocationSearchConfig.kt","PARTIAL","1","Referenced by 1 file(s)","C:/Users/vamsi/StudioProjects/DutyPe/app/src/main/java/com/example/dutype/location/ManualLocationScreen.kt"
"C:/Users/vamsi/StudioProjects/DutyPe/app/src/main/java/com/example/dutype/location/ManualLocationScreen.kt","PARTIAL","2","Referenced by 2 file(s)","C:/Users/vamsi/StudioProjects/DutyPe/app/src/main/java/com/example/dutype/navigation/CommonNavGraph.kt; C:/Users/vamsi/StudioProjects/DutyPe/app/src/main/java/com/example/dutype/navigation/MainNavGraph.kt"
"C:/Users/vamsi/StudioProjects/DutyPe/app/src/main/java/com/example/dutype/MainActivity.kt","YES","7","Referenced by 7 file(s)","C:/Users/vamsi/StudioProjects/DutyPe/app/src/main/java/com/example/dutype/components/LanguageSelectionBottomSheet.kt; C:/Users/vamsi/StudioProjects/DutyPe/app/src/main/java/com/example/dutype/DutyPeApplication.kt; C:/Users/vamsi/StudioProjects/DutyPe/app/src/main/java/com/example/dutype/navigation/MainNavGraph.kt; C:/Users/vamsi/StudioProjects/DutyPe/app/src/main/java/com/example/dutype/onboarding/OnboardingScreen.kt; C:/Users/vamsi/StudioProjects/DutyPe/app/src/main/java/com/example/dutype/services/DutyPeMessagingService.kt; C:/Users/vamsi/StudioProjects/DutyPe/app/src/main/java/com/example/dutype/services/NotificationService.kt; C:/Users/vamsi/StudioProjects/DutyPe/app/src/main/java/com/example/dutype/workers/GuestEngagementWorker.kt"
"C:/Users/vamsi/StudioProjects/DutyPe/app/src/main/java/com/example/dutype/managers/RoleSwitchManager.kt","YES","5","Referenced by 5 file(s)","C:/Users/vamsi/StudioProjects/DutyPe/app/src/main/java/com/example/dutype/di/AppModule.kt; C:/Users/vamsi/StudioProjects/DutyPe/app/src/main/java/com/example/dutype/employer/screens/profilescreen/EmployerProfileScreen.kt; C:/Users/vamsi/StudioProjects/DutyPe/app/src/main/java/com/example/dutype/managers/RoleSwitchManagerEntryPoint.kt; C:/Users/vamsi/StudioProjects/DutyPe/app/src/main/java/com/example/dutype/viewmodels/RoleManagementViewModel.kt; C:/Users/vamsi/StudioProjects/DutyPe/app/src/main/java/com/example/dutype/worker/screens/profile/WorkerProfile.kt"
"C:/Users/vamsi/StudioProjects/DutyPe/app/src/main/java/com/example/dutype/managers/RoleSwitchManagerEntryPoint.kt","PARTIAL","2","Referenced by 2 file(s)","C:/Users/vamsi/StudioProjects/DutyPe/app/src/main/java/com/example/dutype/employer/screens/profilescreen/EmployerProfileScreen.kt; C:/Users/vamsi/StudioProjects/DutyPe/app/src/main/java/com/example/dutype/worker/screens/profile/WorkerProfile.kt"
"C:/Users/vamsi/StudioProjects/DutyPe/app/src/main/java/com/example/dutype/metadata/AppMetadata.kt","YES","3","Referenced by 3 file(s)","C:/Users/vamsi/StudioProjects/DutyPe/app/src/main/java/com/example/dutype/di/AppModule.kt; C:/Users/vamsi/StudioProjects/DutyPe/app/src/main/java/com/example/dutype/DutyPeApplication.kt; C:/Users/vamsi/StudioProjects/DutyPe/app/src/main/java/com/example/dutype/metadata/MetadataManager.kt"
"C:/Users/vamsi/StudioProjects/DutyPe/app/src/main/java/com/example/dutype/metadata/JobMetadata.kt","PARTIAL","2","Referenced by 2 file(s)","C:/Users/vamsi/StudioProjects/DutyPe/app/src/main/java/com/example/dutype/di/AppModule.kt; C:/Users/vamsi/StudioProjects/DutyPe/app/src/main/java/com/example/dutype/metadata/MetadataManager.kt"
"C:/Users/vamsi/StudioProjects/DutyPe/app/src/main/java/com/example/dutype/metadata/MetadataManager.kt","YES","10","Referenced by 10 file(s)","C:/Users/vamsi/StudioProjects/DutyPe/app/src/main/java/com/example/dutype/di/AppModule.kt; C:/Users/vamsi/StudioProjects/DutyPe/app/src/main/java/com/example/dutype/DutyPeApplication.kt; C:/Users/vamsi/StudioProjects/DutyPe/app/src/main/java/com/example/dutype/employer/screens/profilescreen/EmployerProfileScreen.kt; C:/Users/vamsi/StudioProjects/DutyPe/app/src/main/java/com/example/dutype/MainActivity.kt; C:/Users/vamsi/StudioProjects/DutyPe/app/src/main/java/com/example/dutype/repositories/FirestoreJobRepository.kt; C:/Users/vamsi/StudioProjects/DutyPe/app/src/main/java/com/example/dutype/services/JobApplicationService.kt; C:/Users/vamsi/StudioProjects/DutyPe/app/src/main/java/com/example/dutype/viewmodels/FirestoreJobViewModel.kt; C:/Users/vamsi/StudioProjects/DutyPe/app/src/main/java/com/example/dutype/viewmodels/OtpViewModel.kt; C:/Users/vamsi/StudioProjects/DutyPe/app/src/main/java/com/example/dutype/viewmodels/ProfileCompletionViewModel.kt; C:/Users/vamsi/StudioProjects/DutyPe/app/src/main/java/com/example/dutype/worker/screens/profile/WorkerProfile.kt"
"C:/Users/vamsi/StudioProjects/DutyPe/app/src/main/java/com/example/dutype/metadata/UserMetadata.kt","YES","5","Referenced by 5 file(s)","C:/Users/vamsi/StudioProjects/DutyPe/app/src/main/java/com/example/dutype/di/AppModule.kt; C:/Users/vamsi/StudioProjects/DutyPe/app/src/main/java/com/example/dutype/employer/screens/profilescreen/EmployerProfileScreen.kt; C:/Users/vamsi/StudioProjects/DutyPe/app/src/main/java/com/example/dutype/metadata/MetadataManager.kt; C:/Users/vamsi/StudioProjects/DutyPe/app/src/main/java/com/example/dutype/services/JobApplicationService.kt; C:/Users/vamsi/StudioProjects/DutyPe/app/src/main/java/com/example/dutype/worker/screens/profile/WorkerProfile.kt"
"C:/Users/vamsi/StudioProjects/DutyPe/app/src/main/java/com/example/dutype/models/Announcement.kt","YES","5","Referenced by 5 file(s)","C:/Users/vamsi/StudioProjects/DutyPe/app/src/main/java/com/example/dutype/components/AnnouncementBanner.kt; C:/Users/vamsi/StudioProjects/DutyPe/app/src/main/java/com/example/dutype/employer/screens/EmployerHomeScreen.kt; C:/Users/vamsi/StudioProjects/DutyPe/app/src/main/java/com/example/dutype/services/AnnouncementService.kt; C:/Users/vamsi/StudioProjects/DutyPe/app/src/main/java/com/example/dutype/viewmodels/AnnouncementViewModel.kt; C:/Users/vamsi/StudioProjects/DutyPe/app/src/main/java/com/example/dutype/worker/screens/WorkerHomeScreen.kt"
"C:/Users/vamsi/StudioProjects/DutyPe/app/src/main/java/com/example/dutype/models/EmployerTrustModels.kt","NO","0","No external references by file symbol",""
"C:/Users/vamsi/StudioProjects/DutyPe/app/src/main/java/com/example/dutype/models/JobApplicationModels.kt","YES","3","Referenced by 3 file(s)","C:/Users/vamsi/StudioProjects/DutyPe/app/src/main/java/com/example/dutype/components/ApplicationStatusBadge.kt; C:/Users/vamsi/StudioProjects/DutyPe/app/src/main/java/com/example/dutype/employer/models/JobEnums.kt; C:/Users/vamsi/StudioProjects/DutyPe/app/src/main/java/com/example/dutype/employer/screens/ProfessionalWorkerProfileViewScreen.kt"
"C:/Users/vamsi/StudioProjects/DutyPe/app/src/main/java/com/example/dutype/models/JobListing.kt","YES","42","Referenced by 42 file(s)","C:/Users/vamsi/StudioProjects/DutyPe/app/src/main/java/com/example/dutype/cache/JobCacheManager.kt; C:/Users/vamsi/StudioProjects/DutyPe/app/src/main/java/com/example/dutype/components/ShareJobButton.kt; C:/Users/vamsi/StudioProjects/DutyPe/app/src/main/java/com/example/dutype/database/DutyPeDatabase.kt; C:/Users/vamsi/StudioProjects/DutyPe/app/src/main/java/com/example/dutype/database/entity/JobEntity.kt; C:/Users/vamsi/StudioProjects/DutyPe/app/src/main/java/com/example/dutype/employer/screens/AnalyticsScreen.kt; C:/Users/vamsi/StudioProjects/DutyPe/app/src/main/java/com/example/dutype/employer/screens/EditJobScreen.kt; C:/Users/vamsi/StudioProjects/DutyPe/app/src/main/java/com/example/dutype/employer/screens/EmployerHistoryScreen.kt; C:/Users/vamsi/StudioProjects/DutyPe/app/src/main/java/com/example/dutype/employer/screens/EmployerHomeScreen.kt; C:/Users/vamsi/StudioProjects/DutyPe/app/src/main/java/com/example/dutype/employer/screens/EmployerHistoryScreen.kt; C:/Users/vamsi/StudioProjects/DutyPe/app/src/main/java/com/example/dutype/employer/screens/PostJobScreen.kt; C:/Users/vamsi/StudioProjects/DutyPe/app/src/main/java/com/example/dutype/engine/NearestJobsEngine.kt; C:/Users/vamsi/StudioProjects/DutyPe/app/src/main/java/com/example/dutype/metadata/JobMetadata.kt; C:/Users/vamsi/StudioProjects/DutyPe/app/src/main/java/com/example/dutype/metadata/MetadataManager.kt; C:/Users/vamsi/StudioProjects/DutyPe/app/src/main/java/com/example/dutype/models/JobListingSummary.kt; C:/Users/vamsi/StudioProjects/DutyPe/app/src/main/java/com/example/dutype/repositories/FirestoreJobRepository.kt; C:/Users/vamsi/StudioProjects/DutyPe/app/src/main/java/com/example/dutype/repositories/FirestoreSavedJobRepository.kt; C:/Users/vamsi/StudioProjects/DutyPe/app/src/main/java/com/example/dutype/repositories/OfflineFirstJobRepository.kt; C:/Users/vamsi/StudioProjects/DutyPe/app/src/main/java/com/example/dutype/services/firestore/JobFirestoreService.kt; C:/Users/vamsi/StudioProjects/DutyPe/app/src/main/java/com/example/dutype/services/JobShareImageGenerator.kt; C:/Users/vamsi/StudioProjects/DutyPe/app/src/main/java/com/example/dutype/services/JobShareService.kt; C:/Users/vamsi/StudioProjects/DutyPe/app/src/main/java/com/example/dutype/services/SmartNotificationManager.kt; C:/Users/vamsi/StudioProjects/DutyPe/app/src/main/java/com/example/dutype/utils/DateTimeUtils.kt; C:/Users/vamsi/StudioProjects/DutyPe/app/src/main/java/com/example/dutype/utils/GeoUtils.kt; C:/Users/vamsi/StudioProjects/DutyPe/app/src/main/java/com/example/dutype/utils/JobListingExtensions.kt; C:/Users/vamsi/StudioProjects/DutyPe/app/src/main/java/com/example/dutype/viewmodels/AllJobsViewModel.kt; C:/Users/vamsi/StudioProjects/DutyPe/app/src/main/java/com/example/dutype/viewmodels/CategoriesViewModel.kt; C:/Users/vamsi/StudioProjects/DutyPe/app/src/main/java/com/example/dutype/viewmodels/FirestoreEmployerJobViewModel.kt; C:/Users/vamsi/StudioProjects/DutyPe/app/src/main/java/com/example/dutype/viewmodels/FirestoreJobViewModel.kt; C:/Users/vamsi/StudioProjects/DutyPe/app/src/main/java/com/example/dutype/viewmodels/PaginationHelper.kt; C:/Users/vamsi/StudioProjects/DutyPe/app/src/main/java/com/example/dutype/viewmodels/SavedJobsViewModel.kt; C:/Users/vamsi/StudioProjects/DutyPe/app/src/main/java/com/example/dutype/viewmodels/WorkerHomeViewModel.kt; C:/Users/vamsi/StudioProjects/DutyPe/app/src/main/java/com/example/dutype/worker/components/home/HomeJobsSection.kt; C:/Users/vamsi/StudioProjects/DutyPe/app/src/main/java/com/example/dutype/worker/components/WorkerJobCard.kt; C:/Users/vamsi/StudioProjects/DutyPe/app/src/main/java/com/example/dutype/worker/screens/AllJobsScreen.kt; C:/Users/vamsi/StudioProjects/DutyPe/app/src/main/java/com/example/dutype/worker/screens/CategoriesScreen.kt; C:/Users/vamsi/StudioProjects/DutyPe/app/src/main/java/com/example/dutype/worker/screens/JobApplicationScreen.kt; C:/Users/vamsi/StudioProjects/DutyPe/app/src/main/java/com/example/dutype/worker/screens/JobDescriptionScreen.kt; C:/Users/vamsi/StudioProjects/DutyPe/app/src/main/java/com/example/dutype/worker/screens/map/GoogleMapView.kt; C:/Users/vamsi/StudioProjects/DutyPe/app/src/main/java/com/example/dutype/worker/screens/map/JobMapScreen.kt; C:/Users/vamsi/StudioProjects/DutyPe/app/src/main/java/com/example/dutype/worker/screens/myJobs/SavedJobsList.kt; C:/Users/vamsi/StudioProjects/DutyPe/app/src/main/java/com/example/dutype/worker/screens/WorkerHistoryScreen.kt; C:/Users/vamsi/StudioProjects/DutyPe/app/src/main/java/com/example/dutype/worker/screens/WorkerHomeScreen.kt"
"C:/Users/vamsi/StudioProjects/DutyPe/app/src/main/java/com/example/dutype/models/JobListingSummary.kt","YES","12","Referenced by 12 file(s)","C:/Users/vamsi/StudioProjects/DutyPe/app/src/main/java/com/example/dutype/cache/JobCacheManager.kt; C:/Users/vamsi/StudioProjects/DutyPe/app/src/main/java/com/example/dutype/engine/NearestJobsEngine.kt; C:/Users/vamsi/StudioProjects/DutyPe/app/src/main/java/com/example/dutype/repositories/FirestoreJobRepository.kt; C:/Users/vamsi/StudioProjects/DutyPe/app/src/main/java/com/example/dutype/repositories/FirestoreSavedJobRepository.kt; C:/Users/vamsi/StudioProjects/DutyPe/app/src/main/java/com/example/dutype/utils/DateTimeUtils.kt; C:/Users/vamsi/StudioProjects/DutyPe/app/src/main/java/com/example/dutype/utils/GeoUtils.kt; C:/Users/vamsi/StudioProjects/DutyPe/app/src/main/java/com/example/dutype/utils/JobListingExtensions.kt; C:/Users/vamsi/StudioProjects/DutyPe/app/src/main/java/com/example/dutype/viewmodels/AllJobsViewModel.kt; C:/Users/vamsi/StudioProjects/DutyPe/app/src/main/java/com/example/dutype/viewmodels/CategoriesViewModel.kt; C:/Users/vamsi/StudioProjects/DutyPe/app/src/main/java/com/example/dutype/viewmodels/FirestoreJobViewModel.kt; C:/Users/vamsi/StudioProjects/DutyPe/app/src/main/java/com/example/dutype/viewmodels/SavedJobsViewModel.kt; C:/Users/vamsi/StudioProjects/DutyPe/app/src/main/java/com/example/dutype/worker/components/WorkerJobCard.kt"
"C:/Users/vamsi/StudioProjects/DutyPe/app/src/main/java/com/example/dutype/models/LocationData.kt","YES","7","Referenced by 7 file(s)","C:/Users/vamsi/StudioProjects/DutyPe/app/src/main/java/com/example/dutype/common/screens/SelectRoleScreen.kt; C:/Users/vamsi/StudioProjects/DutyPe/app/src/main/java/com/example/dutype/location/AzureMapsService.kt; C:/Users/vamsi/StudioProjects/DutyPe/app/src/main/java/com/example/dutype/location/LocationPreferences.kt; C:/Users/vamsi/StudioProjects/DutyPe/app/src/main/java/com/example/dutype/location/ManualLocationScreen.kt; C:/Users/vamsi/StudioProjects/DutyPe/app/src/main/java/com/example/dutype/utils/LocationService.kt; C:/Users/vamsi/StudioProjects/DutyPe/app/src/main/java/com/example/dutype/worker/screens/MandatoryWorkerProfileSetupScreen.kt; C:/Users/vamsi/StudioProjects/DutyPe/app/src/main/java/com/example/dutype/worker/screens/WorkerHomeScreen.kt"
"C:/Users/vamsi/StudioProjects/DutyPe/app/src/main/java/com/example/dutype/models/NotificationModels.kt","NO","0","No external references by file symbol",""
"C:/Users/vamsi/StudioProjects/DutyPe/app/src/main/java/com/example/dutype/models/PlaceSuggestion.kt","YES","3","Referenced by 3 file(s)","C:/Users/vamsi/StudioProjects/DutyPe/app/src/main/java/com/example/dutype/components/LocationAutocompleteField.kt; C:/Users/vamsi/StudioProjects/DutyPe/app/src/main/java/com/example/dutype/employer/screens/settings/EmployerAddressManagementScreen.kt; C:/Users/vamsi/StudioProjects/DutyPe/app/src/main/java/com/example/dutype/utils/LocationService.kt"
"C:/Users/vamsi/StudioProjects/DutyPe/app/src/main/java/com/example/dutype/models/RecentHire.kt","PARTIAL","1","Referenced by 1 file(s)","C:/Users/vamsi/StudioProjects/DutyPe/app/src/main/java/com/example/dutype/viewmodels/WorkerHomeViewModel.kt"
"C:/Users/vamsi/StudioProjects/DutyPe/app/src/main/java/com/example/dutype/models/ReferralModels.kt","NO","0","No external references by file symbol",""
"C:/Users/vamsi/StudioProjects/DutyPe/app/src/main/java/com/example/dutype/models/User.kt","YES","121","Referenced by 121 file(s)","C:/Users/vamsi/StudioProjects/DutyPe/app/src/main/java/com/example/dutype/ads/AdManager.kt; C:/Users/vamsi/StudioProjects/DutyPe/app/src/main/java/com/example/dutype/auth/AuthManager.kt; C:/Users/vamsi/StudioProjects/DutyPe/app/src/main/java/com/example/dutype/auth/EnhancedLoginScreen.kt; C:/Users/vamsi/StudioProjects/DutyPe/app/src/main/java/com/example/dutype/auth/FirebasePNVManager.kt; C:/Users/vamsi/StudioProjects/DutyPe/app/src/main/java/com/example/dutype/auth/RegisterScreen.kt; C:/Users/vamsi/StudioProjects/DutyPe/app/src/main/java/com/example/dutype/auth/SessionManager.kt; C:/Users/vamsi/StudioProjects/DutyPe/app/src/main/java/com/example/dutype/cache/EmployerProfileCache.kt; C:/Users/vamsi/StudioProjects/DutyPe/app/src/main/java/com/example/dutype/cache/JobCacheManager.kt; C:/Users/vamsi/StudioProjects/DutyPe/app/src/main/java/com/example/dutype/cache/RoleCacheManager.kt; C:/Users/vamsi/StudioProjects/DutyPe/app/src/main/java/com/example/dutype/common/screens/SelectRoleScreen.kt; C:/Users/vamsi/StudioProjects/DutyPe/app/src/main/java/com/example/dutype/components/LocationAutocompleteField.kt; C:/Users/vamsi/StudioProjects/DutyPe/app/src/main/java/com/example/dutype/components/LoginBottomSheet.kt; C:/Users/vamsi/StudioProjects/DutyPe/app/src/main/java/com/example/dutype/components/ProfessionalLogoutDialog.kt; C:/Users/vamsi/StudioProjects/DutyPe/app/src/main/java/com/example/dutype/components/SecuritySheets.kt; C:/Users/vamsi/StudioProjects/DutyPe/app/src/main/java/com/example/dutype/components/ShimmerComponents.kt; C:/Users/vamsi/StudioProjects/DutyPe/app/src/main/java/com/example/dutype/components/WhatsAppApplyButton.kt; C:/Users/vamsi/StudioProjects/DutyPe/app/src/main/java/com/example/dutype/core/error/DutyPeError.kt; C:/Users/vamsi/StudioProjects/DutyPe/app/src/main/java/com/example/dutype/core/error/ErrorHandler.kt; C:/Users/vamsi/StudioProjects/DutyPe/app/src/main/java/com/example/dutype/core/observability/ObservabilityManager.kt; C:/Users/vamsi/StudioProjects/DutyPe/app/src/main/java/com/example/dutype/core/resilience/RateLimiter.kt; C:/Users/vamsi/StudioProjects/DutyPe/app/src/main/java/com/example/dutype/data/ApplicationFormDataStore.kt; C:/Users/vamsi/StudioProjects/DutyPe/app/src/main/java/com/example/dutype/data/JobDraftDataStore.kt; C:/Users/vamsi/StudioProjects/DutyPe/app/src/main/java/com/example/dutype/database/DutyPeDatabase.kt; C:/Users/vamsi/StudioProjects/DutyPe/app/src/main/java/com/example/dutype/database/entity/ApplicationEntity.kt; C:/Users/vamsi/StudioProjects/DutyPe/app/src/main/java/com/example/dutype/database/entity/SavedJobEntity.kt; C:/Users/vamsi/StudioProjects/DutyPe/app/src/main/java/com/example/dutype/DutyPeApplication.kt; C:/Users/vamsi/StudioProjects/DutyPe/app/src/main/java/com/example/dutype/employer/components/EmployerJobCard.kt; C:/Users/vamsi/StudioProjects/DutyPe/app/src/main/java/com/example/dutype/employer/helpers/JobPostingHelpers.kt; C:/Users/vamsi/StudioProjects/DutyPe/app/src/main/java/com/example/dutype/employer/screens/EditJobScreen.kt; C:/Users/vamsi/StudioProjects/DutyPe/app/src/main/java/com/example/dutype/employer/screens/EmployerCompanyDetailsScreen.kt; C:/Users/vamsi/StudioProjects/DutyPe/app/src/main/java/com/example/dutype/employer/screens/EmployerHomeScreen.kt; C:/Users/vamsi/StudioProjects/DutyPe/app/src/main/java/com/example/dutype/employer/screens/EmployerSupportScreen.kt; C:/Users/vamsi/StudioProjects/DutyPe/app/src/main/java/com/example/dutype/employer/screens/MandatoryEmployerProfileSetupScreen.kt; C:/Users/vamsi/StudioProjects/DutyPe/app/src/main/java/com/example/dutype/employer/screens/PostJobScreen.kt; C:/Users/vamsi/StudioProjects/DutyPe/app/src/main/java/com/example/dutype/employer/screens/profile/EmployerDigitalVisitingCardScreen.kt; C:/Users/vamsi/StudioProjects/DutyPe/app/src/main/java/com/example/dutype/employer/screens/profilescreen/EmployerProfileScreen.kt; C:/Users/vamsi/StudioProjects/DutyPe/app/src/main/java/com/example/dutype/employer/screens/settings/EmployerAddressManagementScreen.kt; C:/Users/vamsi/StudioProjects/DutyPe/app/src/main/java/com/example/dutype/employer/screens/TrustBadgesScreen.kt; C:/Users/vamsi/StudioProjects/DutyPe/app/src/main/java/com/example/dutype/employer/sync/JobPostingWorker.kt; C:/Users/vamsi/StudioProjects/DutyPe/app/src/main/java/com/example/dutype/engine/NearestJobsEngine.kt; C:/Users/vamsi/StudioProjects/DutyPe/app/src/main/java/com/example/dutype/location/LocationPreferences.kt; C:/Users/vamsi/StudioProjects/DutyPe/app/src/main/java/com/example/dutype/MainActivity.kt; C:/Users/vamsi/StudioProjects/DutyPe/app/src/main/java/com/example/dutype/managers/RoleSwitchManager.kt; C:/Users/vamsi/StudioProjects/DutyPe/app/src/main/java/com/example/dutype/metadata/AppMetadata.kt; C:/Users/vamsi/StudioProjects/DutyPe/app/src/main/java/com/example/dutype/metadata/JobMetadata.kt; C:/Users/vamsi/StudioProjects/DutyPe/app/src/main/java/com/example/dutype/metadata/MetadataManager.kt; C:/Users/vamsi/StudioProjects/DutyPe/app/src/main/java/com/example/dutype/metadata/UserMetadata.kt; C:/Users/vamsi/StudioProjects/DutyPe/app/src/main/java/com/example/dutype/models/Announcement.kt; C:/Users/vamsi/StudioProjects/DutyPe/app/src/main/java/com/example/dutype/models/EmployerTrustModels.kt; C:/Users/vamsi/StudioProjects/DutyPe/app/src/main/java/com/example/dutype/models/NotificationModels.kt; C:/Users/vamsi/StudioProjects/DutyPe/app/src/main/java/com/example/dutype/models/RecentHire.kt; C:/Users/vamsi/StudioProjects/DutyPe/app/src/main/java/com/example/dutype/models/ReferralModels.kt; C:/Users/vamsi/StudioProjects/DutyPe/app/src/main/java/com/example/dutype/models/UserSummary.kt; C:/Users/vamsi/StudioProjects/DutyPe/app/src/main/java/com/example/dutype/navigation/MainNavGraph.kt; C:/Users/vamsi/StudioProjects/DutyPe/app/src/main/java/com/example/dutype/notifications/InAppNotificationManager.kt; C:/Users/vamsi/StudioProjects/DutyPe/app/src/main/java/com/example/dutype/notifications/LocalNotificationService.kt; C:/Users/vamsi/StudioProjects/DutyPe/app/src/main/java/com/example/dutype/onboarding/OnboardingScreen.kt; C:/Users/vamsi/StudioProjects/DutyPe/app/src/main/java/com/example/dutype/performance/ANRHandler.kt; C:/Users/vamsi/StudioProjects/DutyPe/app/src/main/java/com/example/dutype/repositories/AIBackendRepository.kt; C:/Users/vamsi/StudioProjects/DutyPe/app/src/main/java/com/example/dutype/repositories/FirestoreJobRepository.kt; C:/Users/vamsi/StudioProjects/DutyPe/app/src/main/java/com/example/dutype/repositories/FirestoreSavedJobRepository.kt; C:/Users/vamsi/StudioProjects/DutyPe/app/src/main/java/com/example/dutype/services/ai/JobPostingScreeningService.kt; C:/Users/vamsi/StudioProjects/DutyPe/app/src/main/java/com/example/dutype/services/AnnouncementService.kt; C:/Users/vamsi/StudioProjects/DutyPe/app/src/main/java/com/example/dutype/services/BirthdayService.kt; C:/Users/vamsi/StudioProjects/DutyPe/app/src/main/java/com/example/dutype/services/DutyPeMessagingService.kt; C:/Users/vamsi/StudioProjects/DutyPe/app/src/main/java/com/example/dutype/services/FCMTokenManager.kt; C:/Users/vamsi/StudioProjects/DutyPe/app/src/main/java/com/example/dutype/services/firestore/JobFirestoreService.kt; C:/Users/vamsi/StudioProjects/DutyPe/app/src/main/java/com/example/dutype/services/firestore/UserFirestoreService.kt; C:/Users/vamsi/StudioProjects/DutyPe/app/src/main/java/com/example/dutype/services/FirestoreService.kt; C:/Users/vamsi/StudioProjects/DutyPe/app/src/main/java/com/example/dutype/services/InAppReviewTriggerService.kt; C:/Users/vamsi/StudioProjects/DutyPe/app/src/main/java/com/example/dutype/services/JobApplicationService.kt; C:/Users/vamsi/StudioProjects/DutyPe/app/src/main/java/com/example/dutype/services/NotificationChannelManager.kt; C:/Users/vamsi/StudioProjects/DutyPe/app/src/main/java/com/example/dutype/services/NotificationService.kt; C:/Users/vamsi/StudioProjects/DutyPe/app/src/main/java/com/example/dutype/services/ProfileCompletionService.kt; C:/Users/vamsi/StudioProjects/DutyPe/app/src/main/java/com/example/dutype/services/RatingService.kt; C:/Users/vamsi/StudioProjects/DutyPe/app/src/main/java/com/example/dutype/services/ReferralService.kt; C:/Users/vamsi/StudioProjects/DutyPe/app/src/main/java/com/example/dutype/services/ReportingService.kt; C:/Users/vamsi/StudioProjects/DutyPe/app/src/main/java/com/example/dutype/services/SmartNotificationManager.kt; C:/Users/vamsi/StudioProjects/DutyPe/app/src/main/java/com/example/dutype/state/AppStateManager.kt; C:/Users/vamsi/StudioProjects/DutyPe/app/src/main/java/com/example/dutype/state/ProfileSetupStateManager.kt; C:/Users/vamsi/StudioProjects/DutyPe/app/src/main/java/com/example/dutype/utils/FirestoreUtils.kt; C:/Users/vamsi/StudioProjects/DutyPe/app/src/main/java/com/example/dutype/utils/GeoUtils.kt; C:/Users/vamsi/StudioProjects/DutyPe/app/src/main/java/com/example/dutype/utils/InAppReviewManager.kt; C:/Users/vamsi/StudioProjects/DutyPe/app/src/main/java/com/example/dutype/utils/InAppUpdateManager.kt; C:/Users/vamsi/StudioProjects/DutyPe/app/src/main/java/com/example/dutype/utils/LocationService.kt; C:/Users/vamsi/StudioProjects/DutyPe/app/src/main/java/com/example/dutype/utils/NotificationNavigationHandler.kt; C:/Users/vamsi/StudioProjects/DutyPe/app/src/main/java/com/example/dutype/utils/PhoneNumberUtils.kt; C:/Users/vamsi/StudioProjects/DutyPe/app/src/main/java/com/example/dutype/utils/SecureLogger.kt; C:/Users/vamsi/StudioProjects/DutyPe/app/src/main/java/com/example/dutype/utils/SmsRetrieverHelper.kt; C:/Users/vamsi/StudioProjects/DutyPe/app/src/main/java/com/example/dutype/utils/ValidationUtils.kt; C:/Users/vamsi/StudioProjects/DutyPe/app/src/main/java/com/example/dutype/utils/ViewModelCleaner.kt; C:/Users/vamsi/StudioProjects/DutyPe/app/src/main/java/com/example/dutype/utils/VoiceJobPostingHelper.kt; C:/Users/vamsi/StudioProjects/DutyPe/app/src/main/java/com/example/dutype/viewmodels/AdViewModel.kt; C:/Users/vamsi/StudioProjects/DutyPe/app/src/main/java/com/example/dutype/viewmodels/AllJobsViewModel.kt; C:/Users/vamsi/StudioProjects/DutyPe/app/src/main/java/com/example/dutype/viewmodels/AnnouncementViewModel.kt; C:/Users/vamsi/StudioProjects/DutyPe/app/src/main/java/com/example/dutype/viewmodels/BaseNotificationViewModel.kt; C:/Users/vamsi/StudioProjects/DutyPe/app/src/main/java/com/example/dutype/viewmodels/CategoriesViewModel.kt; C:/Users/vamsi/StudioProjects/DutyPe/app/src/main/java/com/example/dutype/viewmodels/FirestoreEmployerJobViewModel.kt; C:/Users/vamsi/StudioProjects/DutyPe/app/src/main/java/com/example/dutype/viewmodels/FirestoreJobViewModel.kt; C:/Users/vamsi/StudioProjects/DutyPe/app/src/main/java/com/example/dutype/viewmodels/OtpViewModel.kt; C:/Users/vamsi/StudioProjects/DutyPe/app/src/main/java/com/example/dutype/viewmodels/ProfileCompletionViewModel.kt; C:/Users/vamsi/StudioProjects/DutyPe/app/src/main/java/com/example/dutype/viewmodels/ProfileViewModel.kt; C:/Users/vamsi/StudioProjects/DutyPe/app/src/main/java/com/example/dutype/viewmodels/ReferralViewModel.kt; C:/Users/vamsi/StudioProjects/DutyPe/app/src/main/java/com/example/dutype/viewmodels/RoleManagementViewModel.kt; C:/Users/vamsi/StudioProjects/DutyPe/app/src/main/java/com/example/dutype/viewmodels/SavedJobsViewModel.kt; C:/Users/vamsi/StudioProjects/DutyPe/app/src/main/java/com/example/dutype/viewmodels/SmartJobApplicationViewModel.kt; C:/Users/vamsi/StudioProjects/DutyPe/app/src/main/java/com/example/dutype/viewmodels/WorkerHomeViewModel.kt; C:/Users/vamsi/StudioProjects/DutyPe/app/src/main/java/com/example/dutype/worker/screens/AllJobsScreen.kt; C:/Users/vamsi/StudioProjects/DutyPe/app/src/main/java/com/example/dutype/worker/screens/CategoriesScreen.kt; C:/Users/vamsi/StudioProjects/DutyPe/app/src/main/java/com/example/dutype/worker/screens/JobApplicationScreen.kt; C:/Users/vamsi/StudioProjects/DutyPe/app/src/main/java/com/example/dutype/worker/screens/MandatoryWorkerProfileSetupScreen.kt; C:/Users/vamsi/StudioProjects/DutyPe/app/src/main/java/com/example/dutype/worker/screens/map/AzureMapHtml.kt; C:/Users/vamsi/StudioProjects/DutyPe/app/src/main/java/com/example/dutype/worker/screens/map/GoogleMapView.kt; C:/Users/vamsi/StudioProjects/DutyPe/app/src/main/java/com/example/dutype/worker/screens/map/JobMapScreen.kt; C:/Users/vamsi/StudioProjects/DutyPe/app/src/main/java/com/example/dutype/worker/screens/profile/DigitalVisitingCardScreen.kt; C:/Users/vamsi/StudioProjects/DutyPe/app/src/main/java/com/example/dutype/worker/screens/profile/WorkerProfile.kt; C:/Users/vamsi/StudioProjects/DutyPe/app/src/main/java/com/example/dutype/worker/screens/profile/WorkerProfileDetailsScreen.kt; C:/Users/vamsi/StudioProjects/DutyPe/app/src/main/java/com/example/dutype/worker/screens/WorkerHomeScreen.kt; C:/Users/vamsi/StudioProjects/DutyPe/app/src/main/java/com/example/dutype/worker/screens/WorkerReferEarnScreen.kt; C:/Users/vamsi/StudioProjects/DutyPe/app/src/main/java/com/example/dutype/workers/GuestEngagementWorker.kt; C:/Users/vamsi/StudioProjects/DutyPe/app/src/main/java/com/example/dutype/workers/PendingApplicationNotificationWorker.kt"
"C:/Users/vamsi/StudioProjects/DutyPe/app/src/main/java/com/example/dutype/models/UserSummary.kt","PARTIAL","1","Referenced by 1 file(s)","C:/Users/vamsi/StudioProjects/DutyPe/app/src/main/java/com/example/dutype/cache/JobCacheManager.kt"
"C:/Users/vamsi/StudioProjects/DutyPe/app/src/main/java/com/example/dutype/models/WorkLocation.kt","YES","4","Referenced by 4 file(s)","C:/Users/vamsi/StudioProjects/DutyPe/app/src/main/java/com/example/dutype/employer/screens/EditJobScreen.kt; C:/Users/vamsi/StudioProjects/DutyPe/app/src/main/java/com/example/dutype/employer/screens/PostJobScreen.kt; C:/Users/vamsi/StudioProjects/DutyPe/app/src/main/java/com/example/dutype/employer/screens/settings/EmployerAddressManagementScreen.kt; C:/Users/vamsi/StudioProjects/DutyPe/app/src/main/java/com/example/dutype/services/WorkLocationManager.kt"
"C:/Users/vamsi/StudioProjects/DutyPe/app/src/main/java/com/example/dutype/models/WorkVerificationModels.kt","NO","0","No external references by file symbol",""
"C:/Users/vamsi/StudioProjects/DutyPe/app/src/main/java/com/example/dutype/navigation/CommonNavGraph.kt","NO","0","No external references by file symbol",""
"C:/Users/vamsi/StudioProjects/DutyPe/app/src/main/java/com/example/dutype/navigation/EmployerMainScreen.kt","PARTIAL","2","Referenced by 2 file(s)","C:/Users/vamsi/StudioProjects/DutyPe/app/src/main/java/com/example/dutype/navigation/EmployerNavGraph.kt; C:/Users/vamsi/StudioProjects/DutyPe/app/src/main/java/com/example/dutype/navigation/MainNavGraph.kt"
"C:/Users/vamsi/StudioProjects/DutyPe/app/src/main/java/com/example/dutype/navigation/EmployerNavGraph.kt","NO","0","No external references by file symbol",""
"C:/Users/vamsi/StudioProjects/DutyPe/app/src/main/java/com/example/dutype/navigation/MainNavGraph.kt","YES","4","Referenced by 4 file(s)","C:/Users/vamsi/StudioProjects/DutyPe/app/src/main/java/com/example/dutype/MainActivity.kt; C:/Users/vamsi/StudioProjects/DutyPe/app/src/main/java/com/example/dutype/navigation/CommonNavGraph.kt; C:/Users/vamsi/StudioProjects/DutyPe/app/src/main/java/com/example/dutype/navigation/EmployerNavGraph.kt; C:/Users/vamsi/StudioProjects/DutyPe/app/src/main/java/com/example/dutype/navigation/WorkerNavGraph.kt"
"C:/Users/vamsi/StudioProjects/DutyPe/app/src/main/java/com/example/dutype/navigation/Routes.kt","YES","43","Referenced by 43 file(s)","C:/Users/vamsi/StudioProjects/DutyPe/app/src/main/java/com/example/dutype/auth/EnhancedLoginScreen.kt; C:/Users/vamsi/StudioProjects/DutyPe/app/src/main/java/com/example/dutype/auth/RegisterScreen.kt; C:/Users/vamsi/StudioProjects/DutyPe/app/src/main/java/com/example/dutype/common/screens/SelectRoleScreen.kt; C:/Users/vamsi/StudioProjects/DutyPe/app/src/main/java/com/example/dutype/components/EmployerBottomBar.kt; C:/Users/vamsi/StudioProjects/DutyPe/app/src/main/java/com/example/dutype/components/LoginBottomSheet.kt; C:/Users/vamsi/StudioProjects/DutyPe/app/src/main/java/com/example/dutype/components/ProfessionalLogoutDialog.kt; C:/Users/vamsi/StudioProjects/DutyPe/app/src/main/java/com/example/dutype/components/WorkerBottomBar.kt; C:/Users/vamsi/StudioProjects/DutyPe/app/src/main/java/com/example/dutype/employer/screens/EmployerHistoryScreen.kt; C:/Users/vamsi/StudioProjects/DutyPe/app/src/main/java/com/example/dutype/employer/screens/EmployerHomeScreen.kt; C:/Users/vamsi/StudioProjects/DutyPe/app/src/main/java/com/example/dutype/employer/screens/EmployerNotificationScreen.kt; C:/Users/vamsi/StudioProjects/DutyPe/app/src/main/java/com/example/dutype/employer/screens/EmployerSupportScreen.kt; C:/Users/vamsi/StudioProjects/DutyPe/app/src/main/java/com/example/dutype/employer/screens/MandatoryEmployerProfileSetupScreen.kt; C:/Users/vamsi/StudioProjects/DutyPe/app/src/main/java/com/example/dutype/employer/screens/PostJobScreen.kt; C:/Users/vamsi/StudioProjects/DutyPe/app/src/main/java/com/example/dutype/employer/screens/profile/EmployerDigitalVisitingCardScreen.kt; C:/Users/vamsi/StudioProjects/DutyPe/app/src/main/java/com/example/dutype/employer/screens/profilescreen/EmployerProfileScreen.kt; C:/Users/vamsi/StudioProjects/DutyPe/app/src/main/java/com/example/dutype/employer/screens/settings/EmployerMoreSettingsScreen.kt; C:/Users/vamsi/StudioProjects/DutyPe/app/src/main/java/com/example/dutype/location/ManualLocationScreen.kt; C:/Users/vamsi/StudioProjects/DutyPe/app/src/main/java/com/example/dutype/managers/RoleSwitchManager.kt; C:/Users/vamsi/StudioProjects/DutyPe/app/src/main/java/com/example/dutype/navigation/CommonNavGraph.kt; C:/Users/vamsi/StudioProjects/DutyPe/app/src/main/java/com/example/dutype/navigation/EmployerMainScreen.kt; C:/Users/vamsi/StudioProjects/DutyPe/app/src/main/java/com/example/dutype/navigation/EmployerNavGraph.kt; C:/Users/vamsi/StudioProjects/DutyPe/app/src/main/java/com/example/dutype/navigation/MainNavGraph.kt; C:/Users/vamsi/StudioProjects/DutyPe/app/src/main/java/com/example/dutype/navigation/WorkerMainScreen.kt; C:/Users/vamsi/StudioProjects/DutyPe/app/src/main/java/com/example/dutype/navigation/WorkerNavGraph.kt; C:/Users/vamsi/StudioProjects/DutyPe/app/src/main/java/com/example/dutype/onboarding/OnboardingScreen.kt; C:/Users/vamsi/StudioProjects/DutyPe/app/src/main/java/com/example/dutype/services/DutyPeMessagingService.kt; C:/Users/vamsi/StudioProjects/DutyPe/app/src/main/java/com/example/dutype/utils/DeepLinkHandler.kt; C:/Users/vamsi/StudioProjects/DutyPe/app/src/main/java/com/example/dutype/utils/NotificationNavigationHandler.kt; C:/Users/vamsi/StudioProjects/DutyPe/app/src/main/java/com/example/dutype/worker/components/home/HomeJobsSection.kt; C:/Users/vamsi/StudioProjects/DutyPe/app/src/main/java/com/example/dutype/worker/screens/AllJobsScreen.kt; C:/Users/vamsi/StudioProjects/DutyPe/app/src/main/java/com/example/dutype/worker/screens/CategoriesScreen.kt; C:/Users/vamsi/StudioProjects/DutyPe/app/src/main/java/com/example/dutype/worker/screens/JobDescriptionScreen.kt; C:/Users/vamsi/StudioProjects/DutyPe/app/src/main/java/com/example/dutype/worker/screens/MandatoryWorkerProfileSetupScreen.kt; C:/Users/vamsi/StudioProjects/DutyPe/app/src/main/java/com/example/dutype/worker/screens/map/GoogleMapView.kt; C:/Users/vamsi/StudioProjects/DutyPe/app/src/main/java/com/example/dutype/worker/screens/map/JobMapScreen.kt; C:/Users/vamsi/StudioProjects/DutyPe/app/src/main/java/com/example/dutype/worker/screens/myJobs/MyJobsScreen.kt; C:/Users/vamsi/StudioProjects/DutyPe/app/src/main/java/com/example/dutype/worker/screens/myJobs/SavedJobsList.kt; C:/Users/vamsi/StudioProjects/DutyPe/app/src/main/java/com/example/dutype/worker/screens/NotificationDetailScreen.kt; C:/Users/vamsi/StudioProjects/DutyPe/app/src/main/java/com/example/dutype/worker/screens/profile/DigitalVisitingCardScreen.kt; C:/Users/vamsi/StudioProjects/DutyPe/app/src/main/java/com/example/dutype/worker/screens/profile/WorkerProfile.kt; C:/Users/vamsi/StudioProjects/DutyPe/app/src/main/java/com/example/dutype/worker/screens/WorkerHistoryScreen.kt; C:/Users/vamsi/StudioProjects/DutyPe/app/src/main/java/com/example/dutype/worker/screens/WorkerHomeScreen.kt; C:/Users/vamsi/StudioProjects/DutyPe/app/src/main/java/com/example/dutype/worker/screens/WorkerNotificationScreen.kt"
"C:/Users/vamsi/StudioProjects/DutyPe/app/src/main/java/com/example/dutype/navigation/WorkerMainScreen.kt","PARTIAL","2","Referenced by 2 file(s)","C:/Users/vamsi/StudioProjects/DutyPe/app/src/main/java/com/example/dutype/navigation/MainNavGraph.kt; C:/Users/vamsi/StudioProjects/DutyPe/app/src/main/java/com/example/dutype/navigation/WorkerNavGraph.kt"
"C:/Users/vamsi/StudioProjects/DutyPe/app/src/main/java/com/example/dutype/navigation/WorkerNavGraph.kt","PARTIAL","1","Referenced by 1 file(s)","C:/Users/vamsi/StudioProjects/DutyPe/app/src/main/java/com/example/dutype/navigation/WorkerMainScreen.kt"
"C:/Users/vamsi/StudioProjects/DutyPe/app/src/main/java/com/example/dutype/notifications/InAppNotificationBanner.kt","PARTIAL","1","Referenced by 1 file(s)","C:/Users/vamsi/StudioProjects/DutyPe/app/src/main/java/com/example/dutype/notifications/InAppNotificationManager.kt"
"C:/Users/vamsi/StudioProjects/DutyPe/app/src/main/java/com/example/dutype/notifications/InAppNotificationManager.kt","PARTIAL","2","Referenced by 2 file(s)","C:/Users/vamsi/StudioProjects/DutyPe/app/src/main/java/com/example/dutype/di/AppModule.kt; C:/Users/vamsi/StudioProjects/DutyPe/app/src/main/java/com/example/dutype/viewmodels/InAppNotificationManagerViewModel.kt"
"C:/Users/vamsi/StudioProjects/DutyPe/app/src/main/java/com/example/dutype/notifications/LocalNotificationService.kt","PARTIAL","2","Referenced by 2 file(s)","C:/Users/vamsi/StudioProjects/DutyPe/app/src/main/java/com/example/dutype/di/AppModule.kt; C:/Users/vamsi/StudioProjects/DutyPe/app/src/main/java/com/example/dutype/notifications/InAppNotificationManager.kt"
"C:/Users/vamsi/StudioProjects/DutyPe/app/src/main/java/com/example/dutype/onboarding/OnboardingScreen.kt","YES","3","Referenced by 3 file(s)","C:/Users/vamsi/StudioProjects/DutyPe/app/src/main/java/com/example/dutype/components/LanguageOptionCard.kt; C:/Users/vamsi/StudioProjects/DutyPe/app/src/main/java/com/example/dutype/navigation/CommonNavGraph.kt; C:/Users/vamsi/StudioProjects/DutyPe/app/src/main/java/com/example/dutype/navigation/MainNavGraph.kt"
"C:/Users/vamsi/StudioProjects/DutyPe/app/src/main/java/com/example/dutype/performance/ANRHandler.kt","PARTIAL","2","Referenced by 2 file(s)","C:/Users/vamsi/StudioProjects/DutyPe/app/src/main/java/com/example/dutype/DutyPeApplication.kt; C:/Users/vamsi/StudioProjects/DutyPe/app/src/main/java/com/example/dutype/performance/MainThreadChecker.kt"
"C:/Users/vamsi/StudioProjects/DutyPe/app/src/main/java/com/example/dutype/performance/MainThreadChecker.kt","YES","14","Referenced by 14 file(s)","C:/Users/vamsi/StudioProjects/DutyPe/app/src/main/java/com/example/dutype/DutyPeApplication.kt; C:/Users/vamsi/StudioProjects/DutyPe/app/src/main/java/com/example/dutype/performance/PerformanceTracker.kt; C:/Users/vamsi/StudioProjects/DutyPe/app/src/main/java/com/example/dutype/repositories/FirestoreSavedJobRepository.kt; C:/Users/vamsi/StudioProjects/DutyPe/app/src/main/java/com/example/dutype/services/WorkVerificationService.kt; C:/Users/vamsi/StudioProjects/DutyPe/app/src/main/java/com/example/dutype/viewmodels/AllJobsViewModel.kt; C:/Users/vamsi/StudioProjects/DutyPe/app/src/main/java/com/example/dutype/viewmodels/AnnouncementViewModel.kt; C:/Users/vamsi/StudioProjects/DutyPe/app/src/main/java/com/example/dutype/viewmodels/CategoriesViewModel.kt; C:/Users/vamsi/StudioProjects/DutyPe/app/src/main/java/com/example/dutype/viewmodels/EmployerApplicationViewModel.kt; C:/Users/vamsi/StudioProjects/DutyPe/app/src/main/java/com/example/dutype/viewmodels/FirestoreEmployerJobViewModel.kt; C:/Users/vamsi/StudioProjects/DutyPe/app/src/main/java/com/example/dutype/viewmodels/FirestoreJobViewModel.kt; C:/Users/vamsi/StudioProjects/DutyPe/app/src/main/java/com/example/dutype/viewmodels/OtpViewModel.kt; C:/Users/vamsi/StudioProjects/DutyPe/app/src/main/java/com/example/dutype/viewmodels/ProfileViewModel.kt; C:/Users/vamsi/StudioProjects/DutyPe/app/src/main/java/com/example/dutype/viewmodels/ReferralViewModel.kt; C:/Users/vamsi/StudioProjects/DutyPe/app/src/main/java/com/example/dutype/viewmodels/SavedJobsViewModel.kt"
"C:/Users/vamsi/StudioProjects/DutyPe/app/src/main/java/com/example/dutype/performance/PerformanceTracker.kt","YES","14","Referenced by 14 file(s)","C:/Users/vamsi/StudioProjects/DutyPe/app/src/main/java/com/example/dutype/di/AppModule.kt; C:/Users/vamsi/StudioProjects/DutyPe/app/src/main/java/com/example/dutype/repositories/OfflineFirstJobRepository.kt; C:/Users/vamsi/StudioProjects/DutyPe/app/src/main/java/com/example/dutype/viewmodels/AllJobsViewModel.kt; C:/Users/vamsi/StudioProjects/DutyPe/app/src/main/java/com/example/dutype/viewmodels/AnnouncementViewModel.kt; C:/Users/vamsi/StudioProjects/DutyPe/app/src/main/java/com/example/dutype/viewmodels/CategoriesViewModel.kt; C:/Users/vamsi/StudioProjects/DutyPe/app/src/main/java/com/example/dutype/viewmodels/EmployerApplicationViewModel.kt; C:/Users/vamsi/StudioProjects/DutyPe/app/src/main/java/com/example/dutype/viewmodels/FirestoreEmployerJobViewModel.kt; C:/Users/vamsi/StudioProjects/DutyPe/app/src/main/java/com/example/dutype/viewmodels/FirestoreJobViewModel.kt; C:/Users/vamsi/StudioProjects/DutyPe/app/src/main/java/com/example/dutype/viewmodels/OtpViewModel.kt; C:/Users/vamsi/StudioProjects/DutyPe/app/src/main/java/com/example/dutype/viewmodels/ProfileViewModel.kt; C:/Users/vamsi/StudioProjects/DutyPe/app/src/main/java/com/example/dutype/viewmodels/ReferralViewModel.kt; C:/Users/vamsi/StudioProjects/DutyPe/app/src/main/java/com/example/dutype/viewmodels/SavedJobsViewModel.kt; C:/Users/vamsi/StudioProjects/DutyPe/app/src/main/java/com/example/dutype/viewmodels/WorkerHomeViewModel.kt; C:/Users/vamsi/StudioProjects/DutyPe/app/src/main/java/com/example/dutype/worker/sync/JobSyncWorker.kt"
"C:/Users/vamsi/StudioProjects/DutyPe/app/src/main/java/com/example/dutype/repositories/AIBackendRepository.kt","YES","3","Referenced by 3 file(s)","C:/Users/vamsi/StudioProjects/DutyPe/app/src/main/java/com/example/dutype/di/AIModule.kt; C:/Users/vamsi/StudioProjects/DutyPe/app/src/main/java/com/example/dutype/employer/viewmodels/AIJobPostingViewModel.kt; C:/Users/vamsi/StudioProjects/DutyPe/app/src/main/java/com/example/dutype/services/ai/JobPostingScreeningService.kt"
"C:/Users/vamsi/StudioProjects/DutyPe/app/src/main/java/com/example/dutype/repositories/FirestoreJobRepository.kt","YES","10","Referenced by 10 file(s)","C:/Users/vamsi/StudioProjects/DutyPe/app/src/main/java/com/example/dutype/di/AppModule.kt; C:/Users/vamsi/StudioProjects/DutyPe/app/src/main/java/com/example/dutype/employer/sync/JobPostingWorker.kt; C:/Users/vamsi/StudioProjects/DutyPe/app/src/main/java/com/example/dutype/employer/viewmodels/VoiceJobPostingViewModel.kt; C:/Users/vamsi/StudioProjects/DutyPe/app/src/main/java/com/example/dutype/engine/NearestJobsEngine.kt; C:/Users/vamsi/StudioProjects/DutyPe/app/src/main/java/com/example/dutype/services/firestore/JobFirestoreService.kt; C:/Users/vamsi/StudioProjects/DutyPe/app/src/main/java/com/example/dutype/viewmodels/AllJobsViewModel.kt; C:/Users/vamsi/StudioProjects/DutyPe/app/src/main/java/com/example/dutype/viewmodels/CategoriesViewModel.kt; C:/Users/vamsi/StudioProjects/DutyPe/app/src/main/java/com/example/dutype/viewmodels/FirestoreEmployerJobViewModel.kt; C:/Users/vamsi/StudioProjects/DutyPe/app/src/main/java/com/example/dutype/viewmodels/FirestoreJobViewModel.kt; C:/Users/vamsi/StudioProjects/DutyPe/app/src/main/java/com/example/dutype/viewmodels/WorkerHomeViewModel.kt"
"C:/Users/vamsi/StudioProjects/DutyPe/app/src/main/java/com/example/dutype/repositories/FirestoreSavedJobRepository.kt","PARTIAL","2","Referenced by 2 file(s)","C:/Users/vamsi/StudioProjects/DutyPe/app/src/main/java/com/example/dutype/di/AppModule.kt; C:/Users/vamsi/StudioProjects/DutyPe/app/src/main/java/com/example/dutype/viewmodels/SavedJobsViewModel.kt"
"C:/Users/vamsi/StudioProjects/DutyPe/app/src/main/java/com/example/dutype/repositories/OfflineFirstJobRepository.kt","PARTIAL","2","Referenced by 2 file(s)","C:/Users/vamsi/StudioProjects/DutyPe/app/src/main/java/com/example/dutype/di/AppModule.kt; C:/Users/vamsi/StudioProjects/DutyPe/app/src/main/java/com/example/dutype/worker/sync/JobSyncWorker.kt"
"C:/Users/vamsi/StudioProjects/DutyPe/app/src/main/java/com/example/dutype/services/ai/AIBackendService.kt","PARTIAL","2","Referenced by 2 file(s)","C:/Users/vamsi/StudioProjects/DutyPe/app/src/main/java/com/example/dutype/di/AIModule.kt; C:/Users/vamsi/StudioProjects/DutyPe/app/src/main/java/com/example/dutype/repositories/AIBackendRepository.kt"
"C:/Users/vamsi/StudioProjects/DutyPe/app/src/main/java/com/example/dutype/services/ai/AIChatModels.kt","NO","0","No external references by file symbol",""
"C:/Users/vamsi/StudioProjects/DutyPe/app/src/main/java/com/example/dutype/services/ai/AIModels.kt","NO","0","No external references by file symbol",""
"C:/Users/vamsi/StudioProjects/DutyPe/app/src/main/java/com/example/dutype/services/ai/JobPostingScreeningService.kt","PARTIAL","1","Referenced by 1 file(s)","C:/Users/vamsi/StudioProjects/DutyPe/app/src/main/java/com/example/dutype/employer/viewmodels/AIJobPostingViewModel.kt"
"C:/Users/vamsi/StudioProjects/DutyPe/app/src/main/java/com/example/dutype/services/AnnouncementService.kt","PARTIAL","2","Referenced by 2 file(s)","C:/Users/vamsi/StudioProjects/DutyPe/app/src/main/java/com/example/dutype/di/AppModule.kt; C:/Users/vamsi/StudioProjects/DutyPe/app/src/main/java/com/example/dutype/viewmodels/AnnouncementViewModel.kt"
"C:/Users/vamsi/StudioProjects/DutyPe/app/src/main/java/com/example/dutype/services/ApplicationManagementService.kt","PARTIAL","2","Referenced by 2 file(s)","C:/Users/vamsi/StudioProjects/DutyPe/app/src/main/java/com/example/dutype/di/AppModule.kt; C:/Users/vamsi/StudioProjects/DutyPe/app/src/main/java/com/example/dutype/worker/sync/JobSyncWorker.kt"
"C:/Users/vamsi/StudioProjects/DutyPe/app/src/main/java/com/example/dutype/services/BirthdayService.kt","YES","4","Referenced by 4 file(s)","C:/Users/vamsi/StudioProjects/DutyPe/app/src/main/java/com/example/dutype/di/AppModule.kt; C:/Users/vamsi/StudioProjects/DutyPe/app/src/main/java/com/example/dutype/employer/screens/EmployerHomeScreen.kt; C:/Users/vamsi/StudioProjects/DutyPe/app/src/main/java/com/example/dutype/viewmodels/BirthdayServiceHolder.kt; C:/Users/vamsi/StudioProjects/DutyPe/app/src/main/java/com/example/dutype/worker/screens/WorkerHomeScreen.kt"
"C:/Users/vamsi/StudioProjects/DutyPe/app/src/main/java/com/example/dutype/services/DutyPeMessagingService.kt","NO","0","No external references by file symbol",""
"C:/Users/vamsi/StudioProjects/DutyPe/app/src/main/java/com/example/dutype/services/FCMTokenManager.kt","YES","7","Referenced by 7 file(s)","C:/Users/vamsi/StudioProjects/DutyPe/app/src/main/java/com/example/dutype/auth/AuthManager.kt; C:/Users/vamsi/StudioProjects/DutyPe/app/src/main/java/com/example/dutype/di/AppModule.kt; C:/Users/vamsi/StudioProjects/DutyPe/app/src/main/java/com/example/dutype/employer/screens/MandatoryEmployerProfileSetupScreen.kt; C:/Users/vamsi/StudioProjects/DutyPe/app/src/main/java/com/example/dutype/MainActivity.kt; C:/Users/vamsi/StudioProjects/DutyPe/app/src/main/java/com/example/dutype/viewmodels/OtpViewModel.kt; C:/Users/vamsi/StudioProjects/DutyPe/app/src/main/java/com/example/dutype/viewmodels/ProfileCompletionViewModel.kt; C:/Users/vamsi/StudioProjects/DutyPe/app/src/main/java/com/example/dutype/worker/screens/MandatoryWorkerProfileSetupScreen.kt"
"C:/Users/vamsi/StudioProjects/DutyPe/app/src/main/java/com/example/dutype/services/firestore/ApplicationFirestoreService.kt","PARTIAL","2","Referenced by 2 file(s)","C:/Users/vamsi/StudioProjects/DutyPe/app/src/main/java/com/example/dutype/di/AppModule.kt; C:/Users/vamsi/StudioProjects/DutyPe/app/src/main/java/com/example/dutype/services/FirestoreService.kt"
"C:/Users/vamsi/StudioProjects/DutyPe/app/src/main/java/com/example/dutype/services/firestore/JobFirestoreService.kt","PARTIAL","2","Referenced by 2 file(s)","C:/Users/vamsi/StudioProjects/DutyPe/app/src/main/java/com/example/dutype/di/AppModule.kt; C:/Users/vamsi/StudioProjects/DutyPe/app/src/main/java/com/example/dutype/services/FirestoreService.kt"
"C:/Users/vamsi/StudioProjects/DutyPe/app/src/main/java/com/example/dutype/services/firestore/UserFirestoreService.kt","PARTIAL","2","Referenced by 2 file(s)","C:/Users/vamsi/StudioProjects/DutyPe/app/src/main/java/com/example/dutype/di/AppModule.kt; C:/Users/vamsi/StudioProjects/DutyPe/app/src/main/java/com/example/dutype/services/FirestoreService.kt"
"C:/Users/vamsi/StudioProjects/DutyPe/app/src/main/java/com/example/dutype/services/FirestoreService.kt","YES","8","Referenced by 8 file(s)","C:/Users/vamsi/StudioProjects/DutyPe/app/src/main/java/com/example/dutype/di/AppModule.kt; C:/Users/vamsi/StudioProjects/DutyPe/app/src/main/java/com/example/dutype/repositories/FirestoreJobRepository.kt; C:/Users/vamsi/StudioProjects/DutyPe/app/src/main/java/com/example/dutype/repositories/FirestoreSavedJobRepository.kt; C:/Users/vamsi/StudioProjects/DutyPe/app/src/main/java/com/example/dutype/repositories/OfflineFirstJobRepository.kt; C:/Users/vamsi/StudioProjects/DutyPe/app/src/main/java/com/example/dutype/services/firestore/ApplicationFirestoreService.kt; C:/Users/vamsi/StudioProjects/DutyPe/app/src/main/java/com/example/dutype/services/firestore/JobFirestoreService.kt; C:/Users/vamsi/StudioProjects/DutyPe/app/src/main/java/com/example/dutype/services/firestore/UserFirestoreService.kt; C:/Users/vamsi/StudioProjects/DutyPe/app/src/main/java/com/example/dutype/viewmodels/ProfileViewModel.kt"
"C:/Users/vamsi/StudioProjects/DutyPe/app/src/main/java/com/example/dutype/services/InAppReviewTriggerService.kt","YES","4","Referenced by 4 file(s)","C:/Users/vamsi/StudioProjects/DutyPe/app/src/main/java/com/example/dutype/di/AppModule.kt; C:/Users/vamsi/StudioProjects/DutyPe/app/src/main/java/com/example/dutype/employer/screens/PostJobScreen.kt; C:/Users/vamsi/StudioProjects/DutyPe/app/src/main/java/com/example/dutype/viewmodels/InAppReviewTriggerServiceHolder.kt; C:/Users/vamsi/StudioProjects/DutyPe/app/src/main/java/com/example/dutype/worker/screens/JobApplicationScreen.kt"
"C:/Users/vamsi/StudioProjects/DutyPe/app/src/main/java/com/example/dutype/services/JobApplicationService.kt","YES","10","Referenced by 10 file(s)","C:/Users/vamsi/StudioProjects/DutyPe/app/src/main/java/com/example/dutype/di/AppModule.kt; C:/Users/vamsi/StudioProjects/DutyPe/app/src/main/java/com/example/dutype/employer/screens/EmployerHomeScreen.kt; C:/Users/vamsi/StudioProjects/DutyPe/app/src/main/java/com/example/dutype/employer/screens/ProfessionalWorkerProfileViewScreen.kt; C:/Users/vamsi/StudioProjects/DutyPe/app/src/main/java/com/example/dutype/MainActivity.kt; C:/Users/vamsi/StudioProjects/DutyPe/app/src/main/java/com/example/dutype/services/firestore/ApplicationFirestoreService.kt; C:/Users/vamsi/StudioProjects/DutyPe/app/src/main/java/com/example/dutype/viewmodels/EmployerApplicationViewModel.kt; C:/Users/vamsi/StudioProjects/DutyPe/app/src/main/java/com/example/dutype/viewmodels/ProfileCompletionViewModel.kt; C:/Users/vamsi/StudioProjects/DutyPe/app/src/main/java/com/example/dutype/viewmodels/SmartJobApplicationViewModel.kt; C:/Users/vamsi/StudioProjects/DutyPe/app/src/main/java/com/example/dutype/viewmodels/WorkerHomeViewModel.kt; C:/Users/vamsi/StudioProjects/DutyPe/app/src/main/java/com/example/dutype/worker/screens/WorkerHomeScreen.kt"
"C:/Users/vamsi/StudioProjects/DutyPe/app/src/main/java/com/example/dutype/services/JobShareImageGenerator.kt","PARTIAL","2","Referenced by 2 file(s)","C:/Users/vamsi/StudioProjects/DutyPe/app/src/main/java/com/example/dutype/di/AppModule.kt; C:/Users/vamsi/StudioProjects/DutyPe/app/src/main/java/com/example/dutype/viewmodels/FirestoreJobViewModel.kt"
"C:/Users/vamsi/StudioProjects/DutyPe/app/src/main/java/com/example/dutype/services/JobShareService.kt","PARTIAL","1","Referenced by 1 file(s)","C:/Users/vamsi/StudioProjects/DutyPe/app/src/main/java/com/example/dutype/components/ShareJobButton.kt"
"C:/Users/vamsi/StudioProjects/DutyPe/app/src/main/java/com/example/dutype/services/NotificationChannelManager.kt","YES","4","Referenced by 4 file(s)","C:/Users/vamsi/StudioProjects/DutyPe/app/src/main/java/com/example/dutype/DutyPeApplication.kt; C:/Users/vamsi/StudioProjects/DutyPe/app/src/main/java/com/example/dutype/services/DutyPeMessagingService.kt; C:/Users/vamsi/StudioProjects/DutyPe/app/src/main/java/com/example/dutype/services/NotificationService.kt; C:/Users/vamsi/StudioProjects/DutyPe/app/src/main/java/com/example/dutype/workers/GuestEngagementWorker.kt"
"C:/Users/vamsi/StudioProjects/DutyPe/app/src/main/java/com/example/dutype/services/NotificationService.kt","YES","20","Referenced by 20 file(s)","C:/Users/vamsi/StudioProjects/DutyPe/app/src/main/java/com/example/dutype/auth/RegisterScreen.kt; C:/Users/vamsi/StudioProjects/DutyPe/app/src/main/java/com/example/dutype/components/LoginBottomSheet.kt; C:/Users/vamsi/StudioProjects/DutyPe/app/src/main/java/com/example/dutype/di/AppModule.kt; C:/Users/vamsi/StudioProjects/DutyPe/app/src/main/java/com/example/dutype/employer/screens/EmployerHomeScreen.kt; C:/Users/vamsi/StudioProjects/DutyPe/app/src/main/java/com/example/dutype/employer/screens/MandatoryEmployerProfileSetupScreen.kt; C:/Users/vamsi/StudioProjects/DutyPe/app/src/main/java/com/example/dutype/employer/sync/JobPostingWorker.kt; C:/Users/vamsi/StudioProjects/DutyPe/app/src/main/java/com/example/dutype/employer/viewmodels/EmployerNotificationViewModel.kt; C:/Users/vamsi/StudioProjects/DutyPe/app/src/main/java/com/example/dutype/notifications/InAppNotificationManager.kt; C:/Users/vamsi/StudioProjects/DutyPe/app/src/main/java/com/example/dutype/notifications/LocalNotificationService.kt; C:/Users/vamsi/StudioProjects/DutyPe/app/src/main/java/com/example/dutype/repositories/FirestoreJobRepository.kt; C:/Users/vamsi/StudioProjects/DutyPe/app/src/main/java/com/example/dutype/services/ApplicationManagementService.kt; C:/Users/vamsi/StudioProjects/DutyPe/app/src/main/java/com/example/dutype/services/BirthdayService.kt; C:/Users/vamsi/StudioProjects/DutyPe/app/src/main/java/com/example/dutype/services/JobApplicationService.kt; C:/Users/vamsi/StudioProjects/DutyPe/app/src/main/java/com/example/dutype/services/SmartNotificationManager.kt; C:/Users/vamsi/StudioProjects/DutyPe/app/src/main/java/com/example/dutype/viewmodels/BaseNotificationViewModel.kt; C:/Users/vamsi/StudioProjects/DutyPe/app/src/main/java/com/example/dutype/viewmodels/FirestoreEmployerJobViewModel.kt; C:/Users/vamsi/StudioProjects/DutyPe/app/src/main/java/com/example/dutype/viewmodels/ProfileCompletionViewModel.kt; C:/Users/vamsi/StudioProjects/DutyPe/app/src/main/java/com/example/dutype/worker/screens/MandatoryWorkerProfileSetupScreen.kt; C:/Users/vamsi/StudioProjects/DutyPe/app/src/main/java/com/example/dutype/worker/viewmodels/WorkerNotificationViewModel.kt; C:/Users/vamsi/StudioProjects/DutyPe/app/src/main/java/com/example/dutype/workers/PendingApplicationNotificationWorker.kt"
"C:/Users/vamsi/StudioProjects/DutyPe/app/src/main/java/com/example/dutype/services/ProfileCompletionService.kt","YES","15","Referenced by 15 file(s)","C:/Users/vamsi/StudioProjects/DutyPe/app/src/main/java/com/example/dutype/data/ApplicationFormDataStore.kt; C:/Users/vamsi/StudioProjects/DutyPe/app/src/main/java/com/example/dutype/di/AppModule.kt; C:/Users/vamsi/StudioProjects/DutyPe/app/src/main/java/com/example/dutype/employer/screens/EmployerHomeScreen.kt; C:/Users/vamsi/StudioProjects/DutyPe/app/src/main/java/com/example/dutype/employer/screens/PostJobScreen.kt; C:/Users/vamsi/StudioProjects/DutyPe/app/src/main/java/com/example/dutype/employer/screens/ProfessionalWorkerProfileViewScreen.kt; C:/Users/vamsi/StudioProjects/DutyPe/app/src/main/java/com/example/dutype/employer/viewmodels/VoiceJobPostingViewModel.kt; C:/Users/vamsi/StudioProjects/DutyPe/app/src/main/java/com/example/dutype/services/JobApplicationService.kt; C:/Users/vamsi/StudioProjects/DutyPe/app/src/main/java/com/example/dutype/viewmodels/EmployerApplicationViewModel.kt; C:/Users/vamsi/StudioProjects/DutyPe/app/src/main/java/com/example/dutype/viewmodels/FirestoreJobViewModel.kt; C:/Users/vamsi/StudioProjects/DutyPe/app/src/main/java/com/example/dutype/viewmodels/ProfileCompletionViewModel.kt; C:/Users/vamsi/StudioProjects/DutyPe/app/src/main/java/com/example/dutype/viewmodels/ProfileViewModel.kt; C:/Users/vamsi/StudioProjects/DutyPe/app/src/main/java/com/example/dutype/viewmodels/SmartJobApplicationViewModel.kt; C:/Users/vamsi/StudioProjects/DutyPe/app/src/main/java/com/example/dutype/worker/screens/JobDescriptionScreen.kt; C:/Users/vamsi/StudioProjects/DutyPe/app/src/main/java/com/example/dutype/worker/screens/MandatoryWorkerProfileSetupScreen.kt; C:/Users/vamsi/StudioProjects/DutyPe/app/src/main/java/com/example/dutype/worker/screens/profile/WorkerProfile.kt"
"C:/Users/vamsi/StudioProjects/DutyPe/app/src/main/java/com/example/dutype/services/RatingService.kt","YES","7","Referenced by 7 file(s)","C:/Users/vamsi/StudioProjects/DutyPe/app/src/main/java/com/example/dutype/employer/screens/applications/ApplicationDetailScreen.kt; C:/Users/vamsi/StudioProjects/DutyPe/app/src/main/java/com/example/dutype/employer/screens/EmployerCompanyDetailsScreen.kt; C:/Users/vamsi/StudioProjects/DutyPe/app/src/main/java/com/example/dutype/employer/screens/profile/EmployerDigitalVisitingCardScreen.kt; C:/Users/vamsi/StudioProjects/DutyPe/app/src/main/java/com/example/dutype/viewmodels/ProfileCompletionViewModel.kt; C:/Users/vamsi/StudioProjects/DutyPe/app/src/main/java/com/example/dutype/worker/screens/myJobs/MyJobsScreen.kt; C:/Users/vamsi/StudioProjects/DutyPe/app/src/main/java/com/example/dutype/worker/screens/profile/DigitalVisitingCardScreen.kt; C:/Users/vamsi/StudioProjects/DutyPe/app/src/main/java/com/example/dutype/worker/screens/profile/WorkerProfileDetailsScreen.kt"
"C:/Users/vamsi/StudioProjects/DutyPe/app/src/main/java/com/example/dutype/services/ReferralService.kt","YES","5","Referenced by 5 file(s)","C:/Users/vamsi/StudioProjects/DutyPe/app/src/main/java/com/example/dutype/auth/RegisterScreen.kt; C:/Users/vamsi/StudioProjects/DutyPe/app/src/main/java/com/example/dutype/components/LoginBottomSheet.kt; C:/Users/vamsi/StudioProjects/DutyPe/app/src/main/java/com/example/dutype/di/AppModule.kt; C:/Users/vamsi/StudioProjects/DutyPe/app/src/main/java/com/example/dutype/services/ProfileCompletionService.kt; C:/Users/vamsi/StudioProjects/DutyPe/app/src/main/java/com/example/dutype/viewmodels/ReferralViewModel.kt"
"C:/Users/vamsi/StudioProjects/DutyPe/app/src/main/java/com/example/dutype/services/ReportingService.kt","PARTIAL","2","Referenced by 2 file(s)","C:/Users/vamsi/StudioProjects/DutyPe/app/src/main/java/com/example/dutype/viewmodels/SmartJobApplicationViewModel.kt; C:/Users/vamsi/StudioProjects/DutyPe/app/src/main/java/com/example/dutype/worker/screens/JobDescriptionScreen.kt"
"C:/Users/vamsi/StudioProjects/DutyPe/app/src/main/java/com/example/dutype/services/SmartNotificationManager.kt","YES","6","Referenced by 6 file(s)","C:/Users/vamsi/StudioProjects/DutyPe/app/src/main/java/com/example/dutype/auth/RegisterScreen.kt; C:/Users/vamsi/StudioProjects/DutyPe/app/src/main/java/com/example/dutype/components/LoginBottomSheet.kt; C:/Users/vamsi/StudioProjects/DutyPe/app/src/main/java/com/example/dutype/di/AppModule.kt; C:/Users/vamsi/StudioProjects/DutyPe/app/src/main/java/com/example/dutype/services/firestore/JobFirestoreService.kt; C:/Users/vamsi/StudioProjects/DutyPe/app/src/main/java/com/example/dutype/services/ReferralService.kt; C:/Users/vamsi/StudioProjects/DutyPe/app/src/main/java/com/example/dutype/state/ProfileSetupStateManager.kt"
"C:/Users/vamsi/StudioProjects/DutyPe/app/src/main/java/com/example/dutype/services/WorkLocationManager.kt","YES","6","Referenced by 6 file(s)","C:/Users/vamsi/StudioProjects/DutyPe/app/src/main/java/com/example/dutype/di/AppModule.kt; C:/Users/vamsi/StudioProjects/DutyPe/app/src/main/java/com/example/dutype/employer/screens/EditJobScreen.kt; C:/Users/vamsi/StudioProjects/DutyPe/app/src/main/java/com/example/dutype/employer/screens/PostJobScreen.kt; C:/Users/vamsi/StudioProjects/DutyPe/app/src/main/java/com/example/dutype/employer/screens/settings/EmployerAddressManagementScreen.kt; C:/Users/vamsi/StudioProjects/DutyPe/app/src/main/java/com/example/dutype/viewmodels/FirestoreJobViewModel.kt; C:/Users/vamsi/StudioProjects/DutyPe/app/src/main/java/com/example/dutype/viewmodels/WorkerHomeViewModel.kt"
"C:/Users/vamsi/StudioProjects/DutyPe/app/src/main/java/com/example/dutype/services/WorkVerificationService.kt","YES","9","Referenced by 9 file(s)","C:/Users/vamsi/StudioProjects/DutyPe/app/src/main/java/com/example/dutype/di/AppModule.kt; C:/Users/vamsi/StudioProjects/DutyPe/app/src/main/java/com/example/dutype/employer/screens/EmployerVerifyWorkScreen.kt; C:/Users/vamsi/StudioProjects/DutyPe/app/src/main/java/com/example/dutype/navigation/EmployerMainScreen.kt; C:/Users/vamsi/StudioProjects/DutyPe/app/src/main/java/com/example/dutype/navigation/EmployerNavGraph.kt; C:/Users/vamsi/StudioProjects/DutyPe/app/src/main/java/com/example/dutype/navigation/WorkerNavGraph.kt; C:/Users/vamsi/StudioProjects/DutyPe/app/src/main/java/com/example/dutype/services/ApplicationManagementService.kt; C:/Users/vamsi/StudioProjects/DutyPe/app/src/main/java/com/example/dutype/services/JobApplicationService.kt; C:/Users/vamsi/StudioProjects/DutyPe/app/src/main/java/com/example/dutype/viewmodels/WorkVerificationViewModel.kt; C:/Users/vamsi/StudioProjects/DutyPe/app/src/main/java/com/example/dutype/worker/screens/WorkStartQRScreen.kt"
"C:/Users/vamsi/StudioProjects/DutyPe/app/src/main/java/com/example/dutype/state/ApplicationStateManager.kt","YES","7","Referenced by 7 file(s)","C:/Users/vamsi/StudioProjects/DutyPe/app/src/main/java/com/example/dutype/di/AppModule.kt; C:/Users/vamsi/StudioProjects/DutyPe/app/src/main/java/com/example/dutype/employer/screens/EmployerHomeScreen.kt; C:/Users/vamsi/StudioProjects/DutyPe/app/src/main/java/com/example/dutype/employer/screens/ProfessionalWorkerProfileViewScreen.kt; C:/Users/vamsi/StudioProjects/DutyPe/app/src/main/java/com/example/dutype/services/JobApplicationService.kt; C:/Users/vamsi/StudioProjects/DutyPe/app/src/main/java/com/example/dutype/state/AppStateManager.kt; C:/Users/vamsi/StudioProjects/DutyPe/app/src/main/java/com/example/dutype/viewmodels/FirestoreJobViewModel.kt; C:/Users/vamsi/StudioProjects/DutyPe/app/src/main/java/com/example/dutype/viewmodels/SmartJobApplicationViewModel.kt"
"C:/Users/vamsi/StudioProjects/DutyPe/app/src/main/java/com/example/dutype/state/AppStateManager.kt","YES","3","Referenced by 3 file(s)","C:/Users/vamsi/StudioProjects/DutyPe/app/src/main/java/com/example/dutype/auth/AuthManager.kt; C:/Users/vamsi/StudioProjects/DutyPe/app/src/main/java/com/example/dutype/di/AppModule.kt; C:/Users/vamsi/StudioProjects/DutyPe/app/src/main/java/com/example/dutype/viewmodels/OtpViewModel.kt"
"C:/Users/vamsi/StudioProjects/DutyPe/app/src/main/java/com/example/dutype/state/LoadState.kt","NO","0","No external references by file symbol",""
"C:/Users/vamsi/StudioProjects/DutyPe/app/src/main/java/com/example/dutype/state/ProfileSetupStateManager.kt","YES","6","Referenced by 6 file(s)","C:/Users/vamsi/StudioProjects/DutyPe/app/src/main/java/com/example/dutype/auth/AuthManager.kt; C:/Users/vamsi/StudioProjects/DutyPe/app/src/main/java/com/example/dutype/di/AppModule.kt; C:/Users/vamsi/StudioProjects/DutyPe/app/src/main/java/com/example/dutype/state/AppStateManager.kt; C:/Users/vamsi/StudioProjects/DutyPe/app/src/main/java/com/example/dutype/viewmodels/OtpViewModel.kt; C:/Users/vamsi/StudioProjects/DutyPe/app/src/main/java/com/example/dutype/viewmodels/ProfileCompletionViewModel.kt; C:/Users/vamsi/StudioProjects/DutyPe/app/src/main/java/com/example/dutype/viewmodels/RoleManagementViewModel.kt"
"C:/Users/vamsi/StudioProjects/DutyPe/app/src/main/java/com/example/dutype/ui/theme/AppTypography.kt","YES","31","Referenced by 31 file(s)","C:/Users/vamsi/StudioProjects/DutyPe/app/src/main/java/com/example/dutype/auth/EnhancedLoginScreen.kt; C:/Users/vamsi/StudioProjects/DutyPe/app/src/main/java/com/example/dutype/auth/RegisterScreen.kt; C:/Users/vamsi/StudioProjects/DutyPe/app/src/main/java/com/example/dutype/components/CommonHeader.kt; C:/Users/vamsi/StudioProjects/DutyPe/app/src/main/java/com/example/dutype/components/ErrorCard.kt; C:/Users/vamsi/StudioProjects/DutyPe/app/src/main/java/com/example/dutype/components/LanguageSelectionBottomSheet.kt; C:/Users/vamsi/StudioProjects/DutyPe/app/src/main/java/com/example/dutype/components/LoginBottomSheet.kt; C:/Users/vamsi/StudioProjects/DutyPe/app/src/main/java/com/example/dutype/components/ProfessionalLogoutDialog.kt; C:/Users/vamsi/StudioProjects/DutyPe/app/src/main/java/com/example/dutype/employer/components/EmployerJobCard.kt; C:/Users/vamsi/StudioProjects/DutyPe/app/src/main/java/com/example/dutype/employer/screens/applications/ApplicationDetailScreen.kt; C:/Users/vamsi/StudioProjects/DutyPe/app/src/main/java/com/example/dutype/employer/screens/applications/EmployerApplicationManagementScreen.kt; C:/Users/vamsi/StudioProjects/DutyPe/app/src/main/java/com/example/dutype/employer/screens/EditJobScreen.kt; C:/Users/vamsi/StudioProjects/DutyPe/app/src/main/java/com/example/dutype/employer/screens/EmployerCompanyDetailsScreen.kt; C:/Users/vamsi/StudioProjects/DutyPe/app/src/main/java/com/example/dutype/employer/screens/EmployerHomeScreen.kt; C:/Users/vamsi/StudioProjects/DutyPe/app/src/main/java/com/example/dutype/employer/screens/EmployerSupportScreen.kt; C:/Users/vamsi/StudioProjects/DutyPe/app/src/main/java/com/example/dutype/employer/screens/profile/EmployerDigitalVisitingCardScreen.kt; C:/Users/vamsi/StudioProjects/DutyPe/app/src/main/java/com/example/dutype/employer/screens/profilescreen/EmployerProfileScreen.kt; C:/Users/vamsi/StudioProjects/DutyPe/app/src/main/java/com/example/dutype/employer/screens/settings/EmployerAddressManagementScreen.kt; C:/Users/vamsi/StudioProjects/DutyPe/app/src/main/java/com/example/dutype/employer/screens/settings/EmployerMoreSettingsScreen.kt; C:/Users/vamsi/StudioProjects/DutyPe/app/src/main/java/com/example/dutype/onboarding/OnboardingScreen.kt; C:/Users/vamsi/StudioProjects/DutyPe/app/src/main/java/com/example/dutype/worker/components/home/HomeStates.kt; C:/Users/vamsi/StudioProjects/DutyPe/app/src/main/java/com/example/dutype/worker/components/JobApplicationCard.kt; C:/Users/vamsi/StudioProjects/DutyPe/app/src/main/java/com/example/dutype/worker/components/WorkerJobCard.kt; C:/Users/vamsi/StudioProjects/DutyPe/app/src/main/java/com/example/dutype/worker/screens/AllJobsScreen.kt; C:/Users/vamsi/StudioProjects/DutyPe/app/src/main/java/com/example/dutype/worker/screens/CategoriesScreen.kt; C:/Users/vamsi/StudioProjects/DutyPe/app/src/main/java/com/example/dutype/worker/screens/EarningsDashboardScreen.kt; C:/Users/vamsi/StudioProjects/DutyPe/app/src/main/java/com/example/dutype/worker/screens/JobApplicationScreen.kt; C:/Users/vamsi/StudioProjects/DutyPe/app/src/main/java/com/example/dutype/worker/screens/myJobs/MyJobsScreen.kt; C:/Users/vamsi/StudioProjects/DutyPe/app/src/main/java/com/example/dutype/worker/screens/myJobs/SavedJobsList.kt; C:/Users/vamsi/StudioProjects/DutyPe/app/src/main/java/com/example/dutype/worker/screens/profile/DigitalVisitingCardScreen.kt; C:/Users/vamsi/StudioProjects/DutyPe/app/src/main/java/com/example/dutype/worker/screens/profile/WorkerProfile.kt; C:/Users/vamsi/StudioProjects/DutyPe/app/src/main/java/com/example/dutype/worker/screens/profile/WorkerProfileDetailsScreen.kt"
"C:/Users/vamsi/StudioProjects/DutyPe/app/src/main/java/com/example/dutype/ui/theme/Color.kt","YES","114","Referenced by 114 file(s)","C:/Users/vamsi/StudioProjects/DutyPe/app/src/main/java/com/example/dutype/auth/EnhancedLoginScreen.kt; C:/Users/vamsi/StudioProjects/DutyPe/app/src/main/java/com/example/dutype/auth/RegisterScreen.kt; C:/Users/vamsi/StudioProjects/DutyPe/app/src/main/java/com/example/dutype/common/screens/SelectRoleScreen.kt; C:/Users/vamsi/StudioProjects/DutyPe/app/src/main/java/com/example/dutype/common/screens/support/SupportScreens.kt; C:/Users/vamsi/StudioProjects/DutyPe/app/src/main/java/com/example/dutype/components/AnnouncementBanner.kt; C:/Users/vamsi/StudioProjects/DutyPe/app/src/main/java/com/example/dutype/components/ApplicationStatusBadge.kt; C:/Users/vamsi/StudioProjects/DutyPe/app/src/main/java/com/example/dutype/components/BirthdayBanner.kt; C:/Users/vamsi/StudioProjects/DutyPe/app/src/main/java/com/example/dutype/components/CommonHeader.kt; C:/Users/vamsi/StudioProjects/DutyPe/app/src/main/java/com/example/dutype/components/DualRoleManager.kt; C:/Users/vamsi/StudioProjects/DutyPe/app/src/main/java/com/example/dutype/components/EmployerBottomBar.kt; C:/Users/vamsi/StudioProjects/DutyPe/app/src/main/java/com/example/dutype/components/ErrorCard.kt; C:/Users/vamsi/StudioProjects/DutyPe/app/src/main/java/com/example/dutype/components/FeedbackBottomSheet.kt; C:/Users/vamsi/StudioProjects/DutyPe/app/src/main/java/com/example/dutype/components/JobSafetyBadge.kt; C:/Users/vamsi/StudioProjects/DutyPe/app/src/main/java/com/example/dutype/components/LanguageOptionCard.kt; C:/Users/vamsi/StudioProjects/DutyPe/app/src/main/java/com/example/dutype/components/LanguageSelectionBottomSheet.kt; C:/Users/vamsi/StudioProjects/DutyPe/app/src/main/java/com/example/dutype/components/LocationAutocompleteField.kt; C:/Users/vamsi/StudioProjects/DutyPe/app/src/main/java/com/example/dutype/components/LoginBottomSheet.kt; C:/Users/vamsi/StudioProjects/DutyPe/app/src/main/java/com/example/dutype/components/NotificationDialog.kt; C:/Users/vamsi/StudioProjects/DutyPe/app/src/main/java/com/example/dutype/components/NotificationPermissionBottomSheet.kt; C:/Users/vamsi/StudioProjects/DutyPe/app/src/main/java/com/example/dutype/components/OfflineBanner.kt; C:/Users/vamsi/StudioProjects/DutyPe/app/src/main/java/com/example/dutype/components/OptimizedImage.kt; C:/Users/vamsi/StudioProjects/DutyPe/app/src/main/java/com/example/dutype/components/ProfessionalLogoutDialog.kt; C:/Users/vamsi/StudioProjects/DutyPe/app/src/main/java/com/example/dutype/components/RatingBottomSheet.kt; C:/Users/vamsi/StudioProjects/DutyPe/app/src/main/java/com/example/dutype/components/ReferralComponents.kt; C:/Users/vamsi/StudioProjects/DutyPe/app/src/main/java/com/example/dutype/components/ReportJobSheet.kt; C:/Users/vamsi/StudioProjects/DutyPe/app/src/main/java/com/example/dutype/components/ReusableSearchBar.kt; C:/Users/vamsi/StudioProjects/DutyPe/app/src/main/java/com/example/dutype/components/SecuritySheets.kt; C:/Users/vamsi/StudioProjects/DutyPe/app/src/main/java/com/example/dutype/components/ShareJobButton.kt; C:/Users/vamsi/StudioProjects/DutyPe/app/src/main/java/com/example/dutype/components/ShimmerComponents.kt; C:/Users/vamsi/StudioProjects/DutyPe/app/src/main/java/com/example/dutype/components/TrustBadge.kt; C:/Users/vamsi/StudioProjects/DutyPe/app/src/main/java/com/example/dutype/components/UserReviewsBottomSheet.kt; C:/Users/vamsi/StudioProjects/DutyPe/app/src/main/java/com/example/dutype/components/WhatsAppApplyButton.kt; C:/Users/vamsi/StudioProjects/DutyPe/app/src/main/java/com/example/dutype/components/WorkerBottomBar.kt; C:/Users/vamsi/StudioProjects/DutyPe/app/src/main/java/com/example/dutype/employer/components/EmployerJobCard.kt; C:/Users/vamsi/StudioProjects/DutyPe/app/src/main/java/com/example/dutype/employer/components/JobImageUploadSection.kt; C:/Users/vamsi/StudioProjects/DutyPe/app/src/main/java/com/example/dutype/employer/components/JobSummaryComponents.kt; C:/Users/vamsi/StudioProjects/DutyPe/app/src/main/java/com/example/dutype/employer/components/postjob/PostJobNavigationButtons.kt; C:/Users/vamsi/StudioProjects/DutyPe/app/src/main/java/com/example/dutype/employer/components/postjob/PostJobStepIndicator.kt; C:/Users/vamsi/StudioProjects/DutyPe/app/src/main/java/com/example/dutype/employer/components/PostJobComponents.kt; C:/Users/vamsi/StudioProjects/DutyPe/app/src/main/java/com/example/dutype/employer/helpers/JobPostingHelpers.kt; C:/Users/vamsi/StudioProjects/DutyPe/app/src/main/java/com/example/dutype/employer/screens/AIJobPostingScreen.kt; C:/Users/vamsi/StudioProjects/DutyPe/app/src/main/java/com/example/dutype/employer/screens/AnalyticsScreen.kt; C:/Users/vamsi/StudioProjects/DutyPe/app/src/main/java/com/example/dutype/employer/screens/applications/ApplicationDetailScreen.kt; C:/Users/vamsi/StudioProjects/DutyPe/app/src/main/java/com/example/dutype/employer/screens/applications/EmployerApplicationManagementScreen.kt; C:/Users/vamsi/StudioProjects/DutyPe/app/src/main/java/com/example/dutype/employer/screens/EditJobScreen.kt; C:/Users/vamsi/StudioProjects/DutyPe/app/src/main/java/com/example/dutype/employer/screens/EmployerAboutScreen.kt; C:/Users/vamsi/StudioProjects/DutyPe/app/src/main/java/com/example/dutype/employer/screens/EmployerCompanyDetailsScreen.kt; C:/Users/vamsi/StudioProjects/DutyPe/app/src/main/java/com/example/dutype/employer/screens/EmployerHistoryScreen.kt; C:/Users/vamsi/StudioProjects/DutyPe/app/src/main/java/com/example/dutype/employer/screens/EmployerHomeScreen.kt; C:/Users/vamsi/StudioProjects/DutyPe/app/src/main/java/com/example/dutype/employer/screens/EmployerNotificationScreen.kt; C:/Users/vamsi/StudioProjects/DutyPe/app/src/main/java/com/example/dutype/employer/screens/EmployerReferEarnScreen.kt; C:/Users/vamsi/StudioProjects/DutyPe/app/src/main/java/com/example/dutype/employer/screens/EmployerSupportScreen.kt; C:/Users/vamsi/StudioProjects/DutyPe/app/src/main/java/com/example/dutype/employer/screens/EmployerVerifyWorkScreen.kt; C:/Users/vamsi/StudioProjects/DutyPe/app/src/main/java/com/example/dutype/employer/screens/MandatoryEmployerProfileSetupScreen.kt; C:/Users/vamsi/StudioProjects/DutyPe/app/src/main/java/com/example/dutype/employer/screens/EmployerHistoryScreen.kt; C:/Users/vamsi/StudioProjects/DutyPe/app/src/main/java/com/example/dutype/employer/screens/PostJobScreen.kt; C:/Users/vamsi/StudioProjects/DutyPe/app/src/main/java/com/example/dutype/employer/screens/ProfessionalApplicantManagementScreen.kt; C:/Users/vamsi/StudioProjects/DutyPe/app/src/main/java/com/example/dutype/employer/screens/ProfessionalWorkerProfileViewScreen.kt; C:/Users/vamsi/StudioProjects/DutyPe/app/src/main/java/com/example/dutype/employer/screens/profile/EmployerDigitalVisitingCardScreen.kt; C:/Users/vamsi/StudioProjects/DutyPe/app/src/main/java/com/example/dutype/employer/screens/profilescreen/EmployerFormScreen.kt; C:/Users/vamsi/StudioProjects/DutyPe/app/src/main/java/com/example/dutype/employer/screens/profilescreen/EmployerProfileScreen.kt; C:/Users/vamsi/StudioProjects/DutyPe/app/src/main/java/com/example/dutype/employer/screens/settings/EmployerAddressManagementScreen.kt; C:/Users/vamsi/StudioProjects/DutyPe/app/src/main/java/com/example/dutype/employer/screens/settings/EmployerMoreSettingsScreen.kt; C:/Users/vamsi/StudioProjects/DutyPe/app/src/main/java/com/example/dutype/employer/screens/TrustBadgesScreen.kt; C:/Users/vamsi/StudioProjects/DutyPe/app/src/main/java/com/example/dutype/employer/screens/VoiceJobPostingScreen.kt; C:/Users/vamsi/StudioProjects/DutyPe/app/src/main/java/com/example/dutype/location/ManualLocationScreen.kt; C:/Users/vamsi/StudioProjects/DutyPe/app/src/main/java/com/example/dutype/MainActivity.kt; C:/Users/vamsi/StudioProjects/DutyPe/app/src/main/java/com/example/dutype/models/EmployerTrustModels.kt; C:/Users/vamsi/StudioProjects/DutyPe/app/src/main/java/com/example/dutype/models/JobApplicationModels.kt; C:/Users/vamsi/StudioProjects/DutyPe/app/src/main/java/com/example/dutype/models/NotificationModels.kt; C:/Users/vamsi/StudioProjects/DutyPe/app/src/main/java/com/example/dutype/navigation/CommonNavGraph.kt; C:/Users/vamsi/StudioProjects/DutyPe/app/src/main/java/com/example/dutype/navigation/EmployerMainScreen.kt; C:/Users/vamsi/StudioProjects/DutyPe/app/src/main/java/com/example/dutype/navigation/EmployerNavGraph.kt; C:/Users/vamsi/StudioProjects/DutyPe/app/src/main/java/com/example/dutype/navigation/MainNavGraph.kt; C:/Users/vamsi/StudioProjects/DutyPe/app/src/main/java/com/example/dutype/navigation/WorkerMainScreen.kt; C:/Users/vamsi/StudioProjects/DutyPe/app/src/main/java/com/example/dutype/navigation/WorkerNavGraph.kt; C:/Users/vamsi/StudioProjects/DutyPe/app/src/main/java/com/example/dutype/notifications/InAppNotificationBanner.kt; C:/Users/vamsi/StudioProjects/DutyPe/app/src/main/java/com/example/dutype/onboarding/OnboardingScreen.kt; C:/Users/vamsi/StudioProjects/DutyPe/app/src/main/java/com/example/dutype/services/JobShareImageGenerator.kt; C:/Users/vamsi/StudioProjects/DutyPe/app/src/main/java/com/example/dutype/services/NotificationChannelManager.kt; C:/Users/vamsi/StudioProjects/DutyPe/app/src/main/java/com/example/dutype/ui/theme/AppTypography.kt; C:/Users/vamsi/StudioProjects/DutyPe/app/src/main/java/com/example/dutype/ui/theme/Theme.kt; C:/Users/vamsi/StudioProjects/DutyPe/app/src/main/java/com/example/dutype/ui/theme/WorkerGradientBackground.kt; C:/Users/vamsi/StudioProjects/DutyPe/app/src/main/java/com/example/dutype/utils/ComposableUtils.kt; C:/Users/vamsi/StudioProjects/DutyPe/app/src/main/java/com/example/dutype/utils/JobValidationUtils.kt; C:/Users/vamsi/StudioProjects/DutyPe/app/src/main/java/com/example/dutype/worker/components/EnhancedNavigationRow.kt; C:/Users/vamsi/StudioProjects/DutyPe/app/src/main/java/com/example/dutype/worker/components/home/HomeCategoriesSection.kt; C:/Users/vamsi/StudioProjects/DutyPe/app/src/main/java/com/example/dutype/worker/components/home/HomeHeader.kt; C:/Users/vamsi/StudioProjects/DutyPe/app/src/main/java/com/example/dutype/worker/components/home/HomeJobsSection.kt; C:/Users/vamsi/StudioProjects/DutyPe/app/src/main/java/com/example/dutype/worker/components/home/HomeStates.kt; C:/Users/vamsi/StudioProjects/DutyPe/app/src/main/java/com/example/dutype/worker/components/JobApplicationCard.kt; C:/Users/vamsi/StudioProjects/DutyPe/app/src/main/java/com/example/dutype/worker/components/ProfileCompletionPrompt.kt; C:/Users/vamsi/StudioProjects/DutyPe/app/src/main/java/com/example/dutype/worker/components/WorkerJobCard.kt; C:/Users/vamsi/StudioProjects/DutyPe/app/src/main/java/com/example/dutype/worker/screens/AllJobsScreen.kt; C:/Users/vamsi/StudioProjects/DutyPe/app/src/main/java/com/example/dutype/worker/screens/CategoriesScreen.kt; C:/Users/vamsi/StudioProjects/DutyPe/app/src/main/java/com/example/dutype/worker/screens/EarningsDashboardScreen.kt; C:/Users/vamsi/StudioProjects/DutyPe/app/src/main/java/com/example/dutype/worker/screens/JobApplicationScreen.kt; C:/Users/vamsi/StudioProjects/DutyPe/app/src/main/java/com/example/dutype/worker/screens/JobDescriptionScreen.kt; C:/Users/vamsi/StudioProjects/DutyPe/app/src/main/java/com/example/dutype/worker/screens/MandatoryWorkerProfileSetupScreen.kt; C:/Users/vamsi/StudioProjects/DutyPe/app/src/main/java/com/example/dutype/worker/screens/map/AzureMapHtml.kt; C:/Users/vamsi/StudioProjects/DutyPe/app/src/main/java/com/example/dutype/worker/screens/map/GoogleMapView.kt; C:/Users/vamsi/StudioProjects/DutyPe/app/src/main/java/com/example/dutype/worker/screens/map/JobMapScreen.kt; C:/Users/vamsi/StudioProjects/DutyPe/app/src/main/java/com/example/dutype/worker/screens/myJobs/MyJobsScreen.kt; C:/Users/vamsi/StudioProjects/DutyPe/app/src/main/java/com/example/dutype/worker/screens/myJobs/SavedJobsList.kt; C:/Users/vamsi/StudioProjects/DutyPe/app/src/main/java/com/example/dutype/worker/screens/NotificationDetailScreen.kt; C:/Users/vamsi/StudioProjects/DutyPe/app/src/main/java/com/example/dutype/worker/screens/profile/DigitalVisitingCardScreen.kt; C:/Users/vamsi/StudioProjects/DutyPe/app/src/main/java/com/example/dutype/worker/screens/profile/WorkerProfile.kt; C:/Users/vamsi/StudioProjects/DutyPe/app/src/main/java/com/example/dutype/worker/screens/profile/WorkerProfileDetailsScreen.kt; C:/Users/vamsi/StudioProjects/DutyPe/app/src/main/java/com/example/dutype/worker/screens/WorkerAboutScreen.kt; C:/Users/vamsi/StudioProjects/DutyPe/app/src/main/java/com/example/dutype/worker/screens/WorkerHistoryScreen.kt; C:/Users/vamsi/StudioProjects/DutyPe/app/src/main/java/com/example/dutype/worker/screens/WorkerHomeScreen.kt; C:/Users/vamsi/StudioProjects/DutyPe/app/src/main/java/com/example/dutype/worker/screens/WorkerNotificationScreen.kt; C:/Users/vamsi/StudioProjects/DutyPe/app/src/main/java/com/example/dutype/worker/screens/WorkerReferEarnScreen.kt; C:/Users/vamsi/StudioProjects/DutyPe/app/src/main/java/com/example/dutype/worker/screens/WorkStartQRScreen.kt"
"C:/Users/vamsi/StudioProjects/DutyPe/app/src/main/java/com/example/dutype/ui/theme/IconSizes.kt","YES","16","Referenced by 16 file(s)","C:/Users/vamsi/StudioProjects/DutyPe/app/src/main/java/com/example/dutype/components/WorkerBottomBar.kt; C:/Users/vamsi/StudioProjects/DutyPe/app/src/main/java/com/example/dutype/employer/screens/AnalyticsScreen.kt; C:/Users/vamsi/StudioProjects/DutyPe/app/src/main/java/com/example/dutype/employer/screens/applications/ApplicationDetailScreen.kt; C:/Users/vamsi/StudioProjects/DutyPe/app/src/main/java/com/example/dutype/employer/screens/EmployerReferEarnScreen.kt; C:/Users/vamsi/StudioProjects/DutyPe/app/src/main/java/com/example/dutype/employer/screens/MandatoryEmployerProfileSetupScreen.kt; C:/Users/vamsi/StudioProjects/DutyPe/app/src/main/java/com/example/dutype/employer/screens/ProfessionalApplicantManagementScreen.kt; C:/Users/vamsi/StudioProjects/DutyPe/app/src/main/java/com/example/dutype/employer/screens/ProfessionalWorkerProfileViewScreen.kt; C:/Users/vamsi/StudioProjects/DutyPe/app/src/main/java/com/example/dutype/employer/screens/profilescreen/EmployerProfileScreen.kt; C:/Users/vamsi/StudioProjects/DutyPe/app/src/main/java/com/example/dutype/location/ManualLocationScreen.kt; C:/Users/vamsi/StudioProjects/DutyPe/app/src/main/java/com/example/dutype/worker/screens/AllJobsScreen.kt; C:/Users/vamsi/StudioProjects/DutyPe/app/src/main/java/com/example/dutype/worker/screens/JobDescriptionScreen.kt; C:/Users/vamsi/StudioProjects/DutyPe/app/src/main/java/com/example/dutype/worker/screens/map/JobMapScreen.kt; C:/Users/vamsi/StudioProjects/DutyPe/app/src/main/java/com/example/dutype/worker/screens/NotificationDetailScreen.kt; C:/Users/vamsi/StudioProjects/DutyPe/app/src/main/java/com/example/dutype/worker/screens/profile/WorkerProfile.kt; C:/Users/vamsi/StudioProjects/DutyPe/app/src/main/java/com/example/dutype/worker/screens/WorkerHomeScreen.kt; C:/Users/vamsi/StudioProjects/DutyPe/app/src/main/java/com/example/dutype/worker/screens/WorkerReferEarnScreen.kt"
"C:/Users/vamsi/StudioProjects/DutyPe/app/src/main/java/com/example/dutype/ui/theme/ResponsiveTheme.kt","PARTIAL","1","Referenced by 1 file(s)","C:/Users/vamsi/StudioProjects/DutyPe/app/src/main/java/com/example/dutype/MainActivity.kt"
"C:/Users/vamsi/StudioProjects/DutyPe/app/src/main/java/com/example/dutype/ui/theme/Theme.kt","YES","57","Referenced by 57 file(s)","C:/Users/vamsi/StudioProjects/DutyPe/app/src/main/java/com/example/dutype/auth/EnhancedLoginScreen.kt; C:/Users/vamsi/StudioProjects/DutyPe/app/src/main/java/com/example/dutype/auth/RegisterScreen.kt; C:/Users/vamsi/StudioProjects/DutyPe/app/src/main/java/com/example/dutype/common/screens/SelectRoleScreen.kt; C:/Users/vamsi/StudioProjects/DutyPe/app/src/main/java/com/example/dutype/components/CommonHeader.kt; C:/Users/vamsi/StudioProjects/DutyPe/app/src/main/java/com/example/dutype/components/EmployerBottomBar.kt; C:/Users/vamsi/StudioProjects/DutyPe/app/src/main/java/com/example/dutype/components/ErrorCard.kt; C:/Users/vamsi/StudioProjects/DutyPe/app/src/main/java/com/example/dutype/components/LanguageSelectionBottomSheet.kt; C:/Users/vamsi/StudioProjects/DutyPe/app/src/main/java/com/example/dutype/components/LoginBottomSheet.kt; C:/Users/vamsi/StudioProjects/DutyPe/app/src/main/java/com/example/dutype/components/ProfessionalLogoutDialog.kt; C:/Users/vamsi/StudioProjects/DutyPe/app/src/main/java/com/example/dutype/components/WorkerBottomBar.kt; C:/Users/vamsi/StudioProjects/DutyPe/app/src/main/java/com/example/dutype/employer/components/EmployerJobCard.kt; C:/Users/vamsi/StudioProjects/DutyPe/app/src/main/java/com/example/dutype/employer/screens/AnalyticsScreen.kt; C:/Users/vamsi/StudioProjects/DutyPe/app/src/main/java/com/example/dutype/employer/screens/applications/ApplicationDetailScreen.kt; C:/Users/vamsi/StudioProjects/DutyPe/app/src/main/java/com/example/dutype/employer/screens/applications/EmployerApplicationManagementScreen.kt; C:/Users/vamsi/StudioProjects/DutyPe/app/src/main/java/com/example/dutype/employer/screens/EditJobScreen.kt; C:/Users/vamsi/StudioProjects/DutyPe/app/src/main/java/com/example/dutype/employer/screens/EmployerCompanyDetailsScreen.kt; C:/Users/vamsi/StudioProjects/DutyPe/app/src/main/java/com/example/dutype/employer/screens/EmployerHomeScreen.kt; C:/Users/vamsi/StudioProjects/DutyPe/app/src/main/java/com/example/dutype/employer/screens/EmployerReferEarnScreen.kt; C:/Users/vamsi/StudioProjects/DutyPe/app/src/main/java/com/example/dutype/employer/screens/EmployerSupportScreen.kt; C:/Users/vamsi/StudioProjects/DutyPe/app/src/main/java/com/example/dutype/employer/screens/MandatoryEmployerProfileSetupScreen.kt; C:/Users/vamsi/StudioProjects/DutyPe/app/src/main/java/com/example/dutype/employer/screens/ProfessionalApplicantManagementScreen.kt; C:/Users/vamsi/StudioProjects/DutyPe/app/src/main/java/com/example/dutype/employer/screens/ProfessionalWorkerProfileViewScreen.kt; C:/Users/vamsi/StudioProjects/DutyPe/app/src/main/java/com/example/dutype/employer/screens/profile/EmployerDigitalVisitingCardScreen.kt; C:/Users/vamsi/StudioProjects/DutyPe/app/src/main/java/com/example/dutype/employer/screens/profilescreen/EmployerProfileScreen.kt; C:/Users/vamsi/StudioProjects/DutyPe/app/src/main/java/com/example/dutype/employer/screens/settings/EmployerAddressManagementScreen.kt; C:/Users/vamsi/StudioProjects/DutyPe/app/src/main/java/com/example/dutype/employer/screens/settings/EmployerMoreSettingsScreen.kt; C:/Users/vamsi/StudioProjects/DutyPe/app/src/main/java/com/example/dutype/location/ManualLocationScreen.kt; C:/Users/vamsi/StudioProjects/DutyPe/app/src/main/java/com/example/dutype/MainActivity.kt; C:/Users/vamsi/StudioProjects/DutyPe/app/src/main/java/com/example/dutype/navigation/EmployerMainScreen.kt; C:/Users/vamsi/StudioProjects/DutyPe/app/src/main/java/com/example/dutype/onboarding/OnboardingScreen.kt; C:/Users/vamsi/StudioProjects/DutyPe/app/src/main/java/com/example/dutype/services/JobShareImageGenerator.kt; C:/Users/vamsi/StudioProjects/DutyPe/app/src/main/java/com/example/dutype/ui/theme/AppTypography.kt; C:/Users/vamsi/StudioProjects/DutyPe/app/src/main/java/com/example/dutype/ui/theme/Color.kt; C:/Users/vamsi/StudioProjects/DutyPe/app/src/main/java/com/example/dutype/ui/theme/IconSizes.kt; C:/Users/vamsi/StudioProjects/DutyPe/app/src/main/java/com/example/dutype/ui/theme/ResponsiveTheme.kt; C:/Users/vamsi/StudioProjects/DutyPe/app/src/main/java/com/example/dutype/ui/theme/WorkerGradientBackground.kt; C:/Users/vamsi/StudioProjects/DutyPe/app/src/main/java/com/example/dutype/worker/components/home/HomeCategoriesSection.kt; C:/Users/vamsi/StudioProjects/DutyPe/app/src/main/java/com/example/dutype/worker/components/home/HomeStates.kt; C:/Users/vamsi/StudioProjects/DutyPe/app/src/main/java/com/example/dutype/worker/components/JobApplicationCard.kt; C:/Users/vamsi/StudioProjects/DutyPe/app/src/main/java/com/example/dutype/worker/components/WorkerJobCard.kt; C:/Users/vamsi/StudioProjects/DutyPe/app/src/main/java/com/example/dutype/worker/screens/AllJobsScreen.kt; C:/Users/vamsi/StudioProjects/DutyPe/app/src/main/java/com/example/dutype/worker/screens/CategoriesScreen.kt; C:/Users/vamsi/StudioProjects/DutyPe/app/src/main/java/com/example/dutype/worker/screens/EarningsDashboardScreen.kt; C:/Users/vamsi/StudioProjects/DutyPe/app/src/main/java/com/example/dutype/worker/screens/JobApplicationScreen.kt; C:/Users/vamsi/StudioProjects/DutyPe/app/src/main/java/com/example/dutype/worker/screens/JobDescriptionScreen.kt; C:/Users/vamsi/StudioProjects/DutyPe/app/src/main/java/com/example/dutype/worker/screens/map/JobMapScreen.kt; C:/Users/vamsi/StudioProjects/DutyPe/app/src/main/java/com/example/dutype/worker/screens/myJobs/MyJobsScreen.kt; C:/Users/vamsi/StudioProjects/DutyPe/app/src/main/java/com/example/dutype/worker/screens/myJobs/SavedJobsList.kt; C:/Users/vamsi/StudioProjects/DutyPe/app/src/main/java/com/example/dutype/worker/screens/NotificationDetailScreen.kt; C:/Users/vamsi/StudioProjects/DutyPe/app/src/main/java/com/example/dutype/worker/screens/profile/DigitalVisitingCardScreen.kt; C:/Users/vamsi/StudioProjects/DutyPe/app/src/main/java/com/example/dutype/worker/screens/profile/WorkerProfile.kt; C:/Users/vamsi/StudioProjects/DutyPe/app/src/main/java/com/example/dutype/worker/screens/profile/WorkerProfileDetailsScreen.kt; C:/Users/vamsi/StudioProjects/DutyPe/app/src/main/java/com/example/dutype/worker/screens/WorkerAboutScreen.kt; C:/Users/vamsi/StudioProjects/DutyPe/app/src/main/java/com/example/dutype/worker/screens/WorkerHistoryScreen.kt; C:/Users/vamsi/StudioProjects/DutyPe/app/src/main/java/com/example/dutype/worker/screens/WorkerHomeScreen.kt; C:/Users/vamsi/StudioProjects/DutyPe/app/src/main/java/com/example/dutype/worker/screens/WorkerNotificationScreen.kt; C:/Users/vamsi/StudioProjects/DutyPe/app/src/main/java/com/example/dutype/worker/screens/WorkerReferEarnScreen.kt"
"C:/Users/vamsi/StudioProjects/DutyPe/app/src/main/java/com/example/dutype/ui/theme/WorkerGradientBackground.kt","NO","0","No external references by file symbol",""
"C:/Users/vamsi/StudioProjects/DutyPe/app/src/main/java/com/example/dutype/utils/AppConstants.kt","YES","4","Referenced by 4 file(s)","C:/Users/vamsi/StudioProjects/DutyPe/app/src/main/java/com/example/dutype/components/LoginBottomSheet.kt; C:/Users/vamsi/StudioProjects/DutyPe/app/src/main/java/com/example/dutype/navigation/CommonNavGraph.kt; C:/Users/vamsi/StudioProjects/DutyPe/app/src/main/java/com/example/dutype/navigation/EmployerNavGraph.kt; C:/Users/vamsi/StudioProjects/DutyPe/app/src/main/java/com/example/dutype/navigation/WorkerNavGraph.kt"
"C:/Users/vamsi/StudioProjects/DutyPe/app/src/main/java/com/example/dutype/utils/CategoryDetector.kt","YES","3","Referenced by 3 file(s)","C:/Users/vamsi/StudioProjects/DutyPe/app/src/main/java/com/example/dutype/employer/viewmodels/AIJobPostingViewModel.kt; C:/Users/vamsi/StudioProjects/DutyPe/app/src/main/java/com/example/dutype/employer/viewmodels/VoiceJobPostingViewModel.kt; C:/Users/vamsi/StudioProjects/DutyPe/app/src/main/java/com/example/dutype/models/JobListing.kt"
"C:/Users/vamsi/StudioProjects/DutyPe/app/src/main/java/com/example/dutype/utils/ComposableUtils.kt","NO","0","No external references by file symbol",""
"C:/Users/vamsi/StudioProjects/DutyPe/app/src/main/java/com/example/dutype/utils/ContextExtensions.kt","NO","0","No external references by file symbol",""
"C:/Users/vamsi/StudioProjects/DutyPe/app/src/main/java/com/example/dutype/utils/CrashReportingHelper.kt","PARTIAL","2","Referenced by 2 file(s)","C:/Users/vamsi/StudioProjects/DutyPe/app/src/main/java/com/example/dutype/core/error/ErrorHandler.kt; C:/Users/vamsi/StudioProjects/DutyPe/app/src/main/java/com/example/dutype/DutyPeApplication.kt"
"C:/Users/vamsi/StudioProjects/DutyPe/app/src/main/java/com/example/dutype/utils/DateTimeUtils.kt","YES","17","Referenced by 17 file(s)","C:/Users/vamsi/StudioProjects/DutyPe/app/src/main/java/com/example/dutype/employer/helpers/JobPostingHelpers.kt; C:/Users/vamsi/StudioProjects/DutyPe/app/src/main/java/com/example/dutype/employer/models/JobPostingModel.kt; C:/Users/vamsi/StudioProjects/DutyPe/app/src/main/java/com/example/dutype/employer/screens/AnalyticsScreen.kt; C:/Users/vamsi/StudioProjects/DutyPe/app/src/main/java/com/example/dutype/employer/screens/applications/ApplicationDetailScreen.kt; C:/Users/vamsi/StudioProjects/DutyPe/app/src/main/java/com/example/dutype/employer/screens/applications/EmployerApplicationManagementScreen.kt; C:/Users/vamsi/StudioProjects/DutyPe/app/src/main/java/com/example/dutype/employer/screens/EmployerHistoryScreen.kt; C:/Users/vamsi/StudioProjects/DutyPe/app/src/main/java/com/example/dutype/employer/screens/EmployerHomeScreen.kt; C:/Users/vamsi/StudioProjects/DutyPe/app/src/main/java/com/example/dutype/employer/screens/EmployerNotificationScreen.kt; C:/Users/vamsi/StudioProjects/DutyPe/app/src/main/java/com/example/dutype/employer/screens/EmployerVerifyWorkScreen.kt; C:/Users/vamsi/StudioProjects/DutyPe/app/src/main/java/com/example/dutype/employer/screens/EmployerHistoryScreen.kt; C:/Users/vamsi/StudioProjects/DutyPe/app/src/main/java/com/example/dutype/worker/components/JobApplicationCard.kt; C:/Users/vamsi/StudioProjects/DutyPe/app/src/main/java/com/example/dutype/worker/components/WorkerJobCard.kt; C:/Users/vamsi/StudioProjects/DutyPe/app/src/main/java/com/example/dutype/worker/screens/JobDescriptionScreen.kt; C:/Users/vamsi/StudioProjects/DutyPe/app/src/main/java/com/example/dutype/worker/screens/NotificationDetailScreen.kt; C:/Users/vamsi/StudioProjects/DutyPe/app/src/main/java/com/example/dutype/worker/screens/WorkerHistoryScreen.kt; C:/Users/vamsi/StudioProjects/DutyPe/app/src/main/java/com/example/dutype/worker/screens/WorkerNotificationScreen.kt; C:/Users/vamsi/StudioProjects/DutyPe/app/src/main/java/com/example/dutype/worker/screens/WorkStartQRScreen.kt"
"C:/Users/vamsi/StudioProjects/DutyPe/app/src/main/java/com/example/dutype/utils/DeepLinkHandler.kt","YES","9","Referenced by 9 file(s)","C:/Users/vamsi/StudioProjects/DutyPe/app/src/main/java/com/example/dutype/employer/screens/EmployerHomeScreen.kt; C:/Users/vamsi/StudioProjects/DutyPe/app/src/main/java/com/example/dutype/employer/screens/EmployerHistoryScreen.kt; C:/Users/vamsi/StudioProjects/DutyPe/app/src/main/java/com/example/dutype/MainActivity.kt; C:/Users/vamsi/StudioProjects/DutyPe/app/src/main/java/com/example/dutype/navigation/MainNavGraph.kt; C:/Users/vamsi/StudioProjects/DutyPe/app/src/main/java/com/example/dutype/services/JobShareImageGenerator.kt; C:/Users/vamsi/StudioProjects/DutyPe/app/src/main/java/com/example/dutype/services/JobShareService.kt; C:/Users/vamsi/StudioProjects/DutyPe/app/src/main/java/com/example/dutype/services/ReferralService.kt; C:/Users/vamsi/StudioProjects/DutyPe/app/src/main/java/com/example/dutype/worker/screens/profile/DigitalVisitingCardScreen.kt; C:/Users/vamsi/StudioProjects/DutyPe/app/src/main/java/com/example/dutype/worker/screens/WorkerHomeScreen.kt"
"C:/Users/vamsi/StudioProjects/DutyPe/app/src/main/java/com/example/dutype/utils/FirestoreUtils.kt","YES","5","Referenced by 5 file(s)","C:/Users/vamsi/StudioProjects/DutyPe/app/src/main/java/com/example/dutype/auth/EnhancedLoginScreen.kt; C:/Users/vamsi/StudioProjects/DutyPe/app/src/main/java/com/example/dutype/auth/RegisterScreen.kt; C:/Users/vamsi/StudioProjects/DutyPe/app/src/main/java/com/example/dutype/components/LoginBottomSheet.kt; C:/Users/vamsi/StudioProjects/DutyPe/app/src/main/java/com/example/dutype/services/ProfileCompletionService.kt; C:/Users/vamsi/StudioProjects/DutyPe/app/src/main/java/com/example/dutype/viewmodels/OtpViewModel.kt"
"C:/Users/vamsi/StudioProjects/DutyPe/app/src/main/java/com/example/dutype/utils/GeoUtils.kt","YES","12","Referenced by 12 file(s)","C:/Users/vamsi/StudioProjects/DutyPe/app/src/main/java/com/example/dutype/employer/screens/EditJobScreen.kt; C:/Users/vamsi/StudioProjects/DutyPe/app/src/main/java/com/example/dutype/engine/NearestJobsEngine.kt; C:/Users/vamsi/StudioProjects/DutyPe/app/src/main/java/com/example/dutype/repositories/FirestoreJobRepository.kt; C:/Users/vamsi/StudioProjects/DutyPe/app/src/main/java/com/example/dutype/services/firestore/JobFirestoreService.kt; C:/Users/vamsi/StudioProjects/DutyPe/app/src/main/java/com/example/dutype/services/firestore/UserFirestoreService.kt; C:/Users/vamsi/StudioProjects/DutyPe/app/src/main/java/com/example/dutype/services/ProfileCompletionService.kt; C:/Users/vamsi/StudioProjects/DutyPe/app/src/main/java/com/example/dutype/utils/FirestoreUtils.kt; C:/Users/vamsi/StudioProjects/DutyPe/app/src/main/java/com/example/dutype/utils/LocationService.kt; C:/Users/vamsi/StudioProjects/DutyPe/app/src/main/java/com/example/dutype/viewmodels/AllJobsViewModel.kt; C:/Users/vamsi/StudioProjects/DutyPe/app/src/main/java/com/example/dutype/viewmodels/CategoriesViewModel.kt; C:/Users/vamsi/StudioProjects/DutyPe/app/src/main/java/com/example/dutype/viewmodels/FirestoreJobViewModel.kt; C:/Users/vamsi/StudioProjects/DutyPe/app/src/main/java/com/example/dutype/worker/screens/WorkerHomeScreen.kt"
"C:/Users/vamsi/StudioProjects/DutyPe/app/src/main/java/com/example/dutype/utils/ImageUploadUtils.kt","PARTIAL","2","Referenced by 2 file(s)","C:/Users/vamsi/StudioProjects/DutyPe/app/src/main/java/com/example/dutype/employer/screens/PostJobScreen.kt; C:/Users/vamsi/StudioProjects/DutyPe/app/src/main/java/com/example/dutype/services/ProfileCompletionService.kt"
"C:/Users/vamsi/StudioProjects/DutyPe/app/src/main/java/com/example/dutype/utils/InAppReviewManager.kt","YES","3","Referenced by 3 file(s)","C:/Users/vamsi/StudioProjects/DutyPe/app/src/main/java/com/example/dutype/di/AppModule.kt; C:/Users/vamsi/StudioProjects/DutyPe/app/src/main/java/com/example/dutype/MainActivity.kt; C:/Users/vamsi/StudioProjects/DutyPe/app/src/main/java/com/example/dutype/services/InAppReviewTriggerService.kt"
"C:/Users/vamsi/StudioProjects/DutyPe/app/src/main/java/com/example/dutype/utils/InAppUpdateManager.kt","PARTIAL","2","Referenced by 2 file(s)","C:/Users/vamsi/StudioProjects/DutyPe/app/src/main/java/com/example/dutype/di/AppModule.kt; C:/Users/vamsi/StudioProjects/DutyPe/app/src/main/java/com/example/dutype/MainActivity.kt"
"C:/Users/vamsi/StudioProjects/DutyPe/app/src/main/java/com/example/dutype/utils/JobListingExtensions.kt","NO","0","No external references by file symbol",""
"C:/Users/vamsi/StudioProjects/DutyPe/app/src/main/java/com/example/dutype/utils/JobValidationUtils.kt","PARTIAL","1","Referenced by 1 file(s)","C:/Users/vamsi/StudioProjects/DutyPe/app/src/main/java/com/example/dutype/employer/screens/PostJobScreen.kt"
"C:/Users/vamsi/StudioProjects/DutyPe/app/src/main/java/com/example/dutype/utils/LocaleHelper.kt","YES","6","Referenced by 6 file(s)","C:/Users/vamsi/StudioProjects/DutyPe/app/src/main/java/com/example/dutype/components/LanguageSelectionBottomSheet.kt; C:/Users/vamsi/StudioProjects/DutyPe/app/src/main/java/com/example/dutype/DutyPeApplication.kt; C:/Users/vamsi/StudioProjects/DutyPe/app/src/main/java/com/example/dutype/employer/screens/profilescreen/EmployerProfileScreen.kt; C:/Users/vamsi/StudioProjects/DutyPe/app/src/main/java/com/example/dutype/MainActivity.kt; C:/Users/vamsi/StudioProjects/DutyPe/app/src/main/java/com/example/dutype/onboarding/OnboardingScreen.kt; C:/Users/vamsi/StudioProjects/DutyPe/app/src/main/java/com/example/dutype/worker/screens/profile/WorkerProfile.kt"
"C:/Users/vamsi/StudioProjects/DutyPe/app/src/main/java/com/example/dutype/utils/LocationService.kt","YES","22","Referenced by 22 file(s)","C:/Users/vamsi/StudioProjects/DutyPe/app/src/main/java/com/example/dutype/common/screens/SelectRoleScreen.kt; C:/Users/vamsi/StudioProjects/DutyPe/app/src/main/java/com/example/dutype/components/LocationAutocompleteField.kt; C:/Users/vamsi/StudioProjects/DutyPe/app/src/main/java/com/example/dutype/di/AppModule.kt; C:/Users/vamsi/StudioProjects/DutyPe/app/src/main/java/com/example/dutype/employer/screens/AIJobPostingScreen.kt; C:/Users/vamsi/StudioProjects/DutyPe/app/src/main/java/com/example/dutype/employer/screens/EditJobScreen.kt; C:/Users/vamsi/StudioProjects/DutyPe/app/src/main/java/com/example/dutype/employer/screens/EmployerCompanyDetailsScreen.kt; C:/Users/vamsi/StudioProjects/DutyPe/app/src/main/java/com/example/dutype/employer/screens/MandatoryEmployerProfileSetupScreen.kt; C:/Users/vamsi/StudioProjects/DutyPe/app/src/main/java/com/example/dutype/employer/screens/PostJobScreen.kt; C:/Users/vamsi/StudioProjects/DutyPe/app/src/main/java/com/example/dutype/employer/screens/settings/EmployerAddressManagementScreen.kt; C:/Users/vamsi/StudioProjects/DutyPe/app/src/main/java/com/example/dutype/location/ManualLocationScreen.kt; C:/Users/vamsi/StudioProjects/DutyPe/app/src/main/java/com/example/dutype/viewmodels/AllJobsViewModel.kt; C:/Users/vamsi/StudioProjects/DutyPe/app/src/main/java/com/example/dutype/viewmodels/CategoriesViewModel.kt; C:/Users/vamsi/StudioProjects/DutyPe/app/src/main/java/com/example/dutype/viewmodels/FirestoreJobViewModel.kt; C:/Users/vamsi/StudioProjects/DutyPe/app/src/main/java/com/example/dutype/viewmodels/ProfileCompletionViewModel.kt; C:/Users/vamsi/StudioProjects/DutyPe/app/src/main/java/com/example/dutype/viewmodels/WorkerHomeViewModel.kt; C:/Users/vamsi/StudioProjects/DutyPe/app/src/main/java/com/example/dutype/worker/screens/AllJobsScreen.kt; C:/Users/vamsi/StudioProjects/DutyPe/app/src/main/java/com/example/dutype/worker/screens/CategoriesScreen.kt; C:/Users/vamsi/StudioProjects/DutyPe/app/src/main/java/com/example/dutype/worker/screens/JobDescriptionScreen.kt; C:/Users/vamsi/StudioProjects/DutyPe/app/src/main/java/com/example/dutype/worker/screens/MandatoryWorkerProfileSetupScreen.kt; C:/Users/vamsi/StudioProjects/DutyPe/app/src/main/java/com/example/dutype/worker/screens/map/JobMapScreen.kt; C:/Users/vamsi/StudioProjects/DutyPe/app/src/main/java/com/example/dutype/worker/screens/profile/WorkerProfileDetailsScreen.kt; C:/Users/vamsi/StudioProjects/DutyPe/app/src/main/java/com/example/dutype/worker/screens/WorkerHomeScreen.kt"
"C:/Users/vamsi/StudioProjects/DutyPe/app/src/main/java/com/example/dutype/utils/NetworkMonitor.kt","PARTIAL","2","Referenced by 2 file(s)","C:/Users/vamsi/StudioProjects/DutyPe/app/src/main/java/com/example/dutype/di/AppModule.kt; C:/Users/vamsi/StudioProjects/DutyPe/app/src/main/java/com/example/dutype/viewmodels/ConnectivityViewModel.kt"
"C:/Users/vamsi/StudioProjects/DutyPe/app/src/main/java/com/example/dutype/utils/NetworkUtils.kt","NO","0","No external references by file symbol",""
"C:/Users/vamsi/StudioProjects/DutyPe/app/src/main/java/com/example/dutype/utils/NotificationDeepLinkBuilder.kt","PARTIAL","1","Referenced by 1 file(s)","C:/Users/vamsi/StudioProjects/DutyPe/app/src/main/java/com/example/dutype/services/NotificationService.kt"
"C:/Users/vamsi/StudioProjects/DutyPe/app/src/main/java/com/example/dutype/utils/NotificationNavigationHandler.kt","PARTIAL","2","Referenced by 2 file(s)","C:/Users/vamsi/StudioProjects/DutyPe/app/src/main/java/com/example/dutype/employer/screens/EmployerNotificationScreen.kt; C:/Users/vamsi/StudioProjects/DutyPe/app/src/main/java/com/example/dutype/worker/screens/WorkerNotificationScreen.kt"
"C:/Users/vamsi/StudioProjects/DutyPe/app/src/main/java/com/example/dutype/utils/NotificationPermissionManager.kt","YES","8","Referenced by 8 file(s)","C:/Users/vamsi/StudioProjects/DutyPe/app/src/main/java/com/example/dutype/employer/screens/EmployerHomeScreen.kt; C:/Users/vamsi/StudioProjects/DutyPe/app/src/main/java/com/example/dutype/MainActivity.kt; C:/Users/vamsi/StudioProjects/DutyPe/app/src/main/java/com/example/dutype/navigation/EmployerMainScreen.kt; C:/Users/vamsi/StudioProjects/DutyPe/app/src/main/java/com/example/dutype/navigation/EmployerNavGraph.kt; C:/Users/vamsi/StudioProjects/DutyPe/app/src/main/java/com/example/dutype/navigation/MainNavGraph.kt; C:/Users/vamsi/StudioProjects/DutyPe/app/src/main/java/com/example/dutype/navigation/WorkerMainScreen.kt; C:/Users/vamsi/StudioProjects/DutyPe/app/src/main/java/com/example/dutype/navigation/WorkerNavGraph.kt; C:/Users/vamsi/StudioProjects/DutyPe/app/src/main/java/com/example/dutype/worker/screens/WorkerHomeScreen.kt"
"C:/Users/vamsi/StudioProjects/DutyPe/app/src/main/java/com/example/dutype/utils/PhoneNumberUtils.kt","YES","5","Referenced by 5 file(s)","C:/Users/vamsi/StudioProjects/DutyPe/app/src/main/java/com/example/dutype/components/WhatsAppApplyButton.kt; C:/Users/vamsi/StudioProjects/DutyPe/app/src/main/java/com/example/dutype/services/firestore/UserFirestoreService.kt; C:/Users/vamsi/StudioProjects/DutyPe/app/src/main/java/com/example/dutype/services/ProfileCompletionService.kt; C:/Users/vamsi/StudioProjects/DutyPe/app/src/main/java/com/example/dutype/utils/FirestoreUtils.kt; C:/Users/vamsi/StudioProjects/DutyPe/app/src/main/java/com/example/dutype/utils/ValidationUtils.kt"
"C:/Users/vamsi/StudioProjects/DutyPe/app/src/main/java/com/example/dutype/utils/RequestDeduplicator.kt","PARTIAL","2","Referenced by 2 file(s)","C:/Users/vamsi/StudioProjects/DutyPe/app/src/main/java/com/example/dutype/di/AppModule.kt; C:/Users/vamsi/StudioProjects/DutyPe/app/src/main/java/com/example/dutype/repositories/FirestoreJobRepository.kt"
"C:/Users/vamsi/StudioProjects/DutyPe/app/src/main/java/com/example/dutype/utils/RetryUtils.kt","YES","4","Referenced by 4 file(s)","C:/Users/vamsi/StudioProjects/DutyPe/app/src/main/java/com/example/dutype/employer/sync/JobPostingWorker.kt; C:/Users/vamsi/StudioProjects/DutyPe/app/src/main/java/com/example/dutype/services/ApplicationManagementService.kt; C:/Users/vamsi/StudioProjects/DutyPe/app/src/main/java/com/example/dutype/services/firestore/UserFirestoreService.kt; C:/Users/vamsi/StudioProjects/DutyPe/app/src/main/java/com/example/dutype/services/JobApplicationService.kt"
"C:/Users/vamsi/StudioProjects/DutyPe/app/src/main/java/com/example/dutype/utils/ScrollStateManager.kt","YES","11","Referenced by 11 file(s)","C:/Users/vamsi/StudioProjects/DutyPe/app/src/main/java/com/example/dutype/components/ScrollAwareLazyColumn.kt; C:/Users/vamsi/StudioProjects/DutyPe/app/src/main/java/com/example/dutype/employer/screens/EmployerHomeScreen.kt; C:/Users/vamsi/StudioProjects/DutyPe/app/src/main/java/com/example/dutype/employer/screens/ProfessionalApplicantManagementScreen.kt; C:/Users/vamsi/StudioProjects/DutyPe/app/src/main/java/com/example/dutype/employer/screens/ProfessionalWorkerProfileViewScreen.kt; C:/Users/vamsi/StudioProjects/DutyPe/app/src/main/java/com/example/dutype/navigation/EmployerMainScreen.kt; C:/Users/vamsi/StudioProjects/DutyPe/app/src/main/java/com/example/dutype/navigation/WorkerMainScreen.kt; C:/Users/vamsi/StudioProjects/DutyPe/app/src/main/java/com/example/dutype/navigation/WorkerNavGraph.kt; C:/Users/vamsi/StudioProjects/DutyPe/app/src/main/java/com/example/dutype/worker/screens/myJobs/MyJobsScreen.kt; C:/Users/vamsi/StudioProjects/DutyPe/app/src/main/java/com/example/dutype/worker/screens/myJobs/SavedJobsList.kt; C:/Users/vamsi/StudioProjects/DutyPe/app/src/main/java/com/example/dutype/worker/screens/profile/WorkerProfile.kt; C:/Users/vamsi/StudioProjects/DutyPe/app/src/main/java/com/example/dutype/worker/screens/WorkerHomeScreen.kt"
"C:/Users/vamsi/StudioProjects/DutyPe/app/src/main/java/com/example/dutype/utils/SecureLogger.kt","YES","6","Referenced by 6 file(s)","C:/Users/vamsi/StudioProjects/DutyPe/app/src/main/java/com/example/dutype/services/ApplicationManagementService.kt; C:/Users/vamsi/StudioProjects/DutyPe/app/src/main/java/com/example/dutype/services/NotificationService.kt; C:/Users/vamsi/StudioProjects/DutyPe/app/src/main/java/com/example/dutype/services/ProfileCompletionService.kt; C:/Users/vamsi/StudioProjects/DutyPe/app/src/main/java/com/example/dutype/services/ReferralService.kt; C:/Users/vamsi/StudioProjects/DutyPe/app/src/main/java/com/example/dutype/services/ReportingService.kt; C:/Users/vamsi/StudioProjects/DutyPe/app/src/main/java/com/example/dutype/services/WorkVerificationService.kt"
"C:/Users/vamsi/StudioProjects/DutyPe/app/src/main/java/com/example/dutype/utils/SmsRetrieverHelper.kt","PARTIAL","1","Referenced by 1 file(s)","C:/Users/vamsi/StudioProjects/DutyPe/app/src/main/java/com/example/dutype/viewmodels/OtpViewModel.kt"
"C:/Users/vamsi/StudioProjects/DutyPe/app/src/main/java/com/example/dutype/utils/ValidationUtils.kt","YES","7","Referenced by 7 file(s)","C:/Users/vamsi/StudioProjects/DutyPe/app/src/main/java/com/example/dutype/auth/EnhancedLoginScreen.kt; C:/Users/vamsi/StudioProjects/DutyPe/app/src/main/java/com/example/dutype/auth/RegisterScreen.kt; C:/Users/vamsi/StudioProjects/DutyPe/app/src/main/java/com/example/dutype/components/LoginBottomSheet.kt; C:/Users/vamsi/StudioProjects/DutyPe/app/src/main/java/com/example/dutype/employer/screens/MandatoryEmployerProfileSetupScreen.kt; C:/Users/vamsi/StudioProjects/DutyPe/app/src/main/java/com/example/dutype/worker/components/WorkerJobCard.kt; C:/Users/vamsi/StudioProjects/DutyPe/app/src/main/java/com/example/dutype/worker/screens/JobDescriptionScreen.kt; C:/Users/vamsi/StudioProjects/DutyPe/app/src/main/java/com/example/dutype/worker/screens/MandatoryWorkerProfileSetupScreen.kt"
"C:/Users/vamsi/StudioProjects/DutyPe/app/src/main/java/com/example/dutype/utils/ViewModelCleaner.kt","PARTIAL","2","Referenced by 2 file(s)","C:/Users/vamsi/StudioProjects/DutyPe/app/src/main/java/com/example/dutype/di/AppModule.kt; C:/Users/vamsi/StudioProjects/DutyPe/app/src/main/java/com/example/dutype/managers/RoleSwitchManager.kt"
"C:/Users/vamsi/StudioProjects/DutyPe/app/src/main/java/com/example/dutype/utils/VoiceJobPostingHelper.kt","PARTIAL","1","Referenced by 1 file(s)","C:/Users/vamsi/StudioProjects/DutyPe/app/src/main/java/com/example/dutype/employer/screens/VoiceJobPostingScreen.kt"
"C:/Users/vamsi/StudioProjects/DutyPe/app/src/main/java/com/example/dutype/utils/VoiceSearchHelper.kt","PARTIAL","1","Referenced by 1 file(s)","C:/Users/vamsi/StudioProjects/DutyPe/app/src/main/java/com/example/dutype/worker/screens/WorkerHomeScreen.kt"
"C:/Users/vamsi/StudioProjects/DutyPe/app/src/main/java/com/example/dutype/utils/WindowSizeUtils.kt","NO","0","No external references by file symbol",""
"C:/Users/vamsi/StudioProjects/DutyPe/app/src/main/java/com/example/dutype/viewmodels/AdViewModel.kt","PARTIAL","2","Referenced by 2 file(s)","C:/Users/vamsi/StudioProjects/DutyPe/app/src/main/java/com/example/dutype/components/EmployerBottomBar.kt; C:/Users/vamsi/StudioProjects/DutyPe/app/src/main/java/com/example/dutype/employer/screens/applications/ApplicationDetailScreen.kt"
"C:/Users/vamsi/StudioProjects/DutyPe/app/src/main/java/com/example/dutype/viewmodels/AllJobsViewModel.kt","YES","4","Referenced by 4 file(s)","C:/Users/vamsi/StudioProjects/DutyPe/app/src/main/java/com/example/dutype/engine/NearestJobsEngine.kt; C:/Users/vamsi/StudioProjects/DutyPe/app/src/main/java/com/example/dutype/utils/ViewModelCleaner.kt; C:/Users/vamsi/StudioProjects/DutyPe/app/src/main/java/com/example/dutype/viewmodels/PaginationHelper.kt; C:/Users/vamsi/StudioProjects/DutyPe/app/src/main/java/com/example/dutype/worker/screens/AllJobsScreen.kt"
"C:/Users/vamsi/StudioProjects/DutyPe/app/src/main/java/com/example/dutype/viewmodels/AnnouncementViewModel.kt","PARTIAL","2","Referenced by 2 file(s)","C:/Users/vamsi/StudioProjects/DutyPe/app/src/main/java/com/example/dutype/employer/screens/EmployerHomeScreen.kt; C:/Users/vamsi/StudioProjects/DutyPe/app/src/main/java/com/example/dutype/worker/screens/WorkerHomeScreen.kt"
"C:/Users/vamsi/StudioProjects/DutyPe/app/src/main/java/com/example/dutype/viewmodels/BaseNotificationViewModel.kt","PARTIAL","2","Referenced by 2 file(s)","C:/Users/vamsi/StudioProjects/DutyPe/app/src/main/java/com/example/dutype/employer/viewmodels/EmployerNotificationViewModel.kt; C:/Users/vamsi/StudioProjects/DutyPe/app/src/main/java/com/example/dutype/worker/viewmodels/WorkerNotificationViewModel.kt"
"C:/Users/vamsi/StudioProjects/DutyPe/app/src/main/java/com/example/dutype/viewmodels/BirthdayServiceHolder.kt","PARTIAL","1","Referenced by 1 file(s)","C:/Users/vamsi/StudioProjects/DutyPe/app/src/main/java/com/example/dutype/worker/screens/WorkerHomeScreen.kt"
"C:/Users/vamsi/StudioProjects/DutyPe/app/src/main/java/com/example/dutype/viewmodels/CategoriesViewModel.kt","YES","4","Referenced by 4 file(s)","C:/Users/vamsi/StudioProjects/DutyPe/app/src/main/java/com/example/dutype/engine/NearestJobsEngine.kt; C:/Users/vamsi/StudioProjects/DutyPe/app/src/main/java/com/example/dutype/utils/ViewModelCleaner.kt; C:/Users/vamsi/StudioProjects/DutyPe/app/src/main/java/com/example/dutype/viewmodels/PaginationHelper.kt; C:/Users/vamsi/StudioProjects/DutyPe/app/src/main/java/com/example/dutype/worker/screens/CategoriesScreen.kt"
"C:/Users/vamsi/StudioProjects/DutyPe/app/src/main/java/com/example/dutype/viewmodels/ConnectivityViewModel.kt","YES","9","Referenced by 9 file(s)","C:/Users/vamsi/StudioProjects/DutyPe/app/src/main/java/com/example/dutype/employer/screens/EmployerHomeScreen.kt; C:/Users/vamsi/StudioProjects/DutyPe/app/src/main/java/com/example/dutype/employer/screens/PostJobScreen.kt; C:/Users/vamsi/StudioProjects/DutyPe/app/src/main/java/com/example/dutype/employer/screens/profilescreen/EmployerProfileScreen.kt; C:/Users/vamsi/StudioProjects/DutyPe/app/src/main/java/com/example/dutype/worker/screens/AllJobsScreen.kt; C:/Users/vamsi/StudioProjects/DutyPe/app/src/main/java/com/example/dutype/worker/screens/CategoriesScreen.kt; C:/Users/vamsi/StudioProjects/DutyPe/app/src/main/java/com/example/dutype/worker/screens/JobDescriptionScreen.kt; C:/Users/vamsi/StudioProjects/DutyPe/app/src/main/java/com/example/dutype/worker/screens/myJobs/MyJobsScreen.kt; C:/Users/vamsi/StudioProjects/DutyPe/app/src/main/java/com/example/dutype/worker/screens/profile/WorkerProfile.kt; C:/Users/vamsi/StudioProjects/DutyPe/app/src/main/java/com/example/dutype/worker/screens/WorkerHomeScreen.kt"
"C:/Users/vamsi/StudioProjects/DutyPe/app/src/main/java/com/example/dutype/viewmodels/EarningsViewModel.kt","PARTIAL","1","Referenced by 1 file(s)","C:/Users/vamsi/StudioProjects/DutyPe/app/src/main/java/com/example/dutype/worker/screens/EarningsDashboardScreen.kt"
"C:/Users/vamsi/StudioProjects/DutyPe/app/src/main/java/com/example/dutype/viewmodels/EmployerApplicationViewModel.kt","YES","9","Referenced by 9 file(s)","C:/Users/vamsi/StudioProjects/DutyPe/app/src/main/java/com/example/dutype/employer/screens/AnalyticsScreen.kt; C:/Users/vamsi/StudioProjects/DutyPe/app/src/main/java/com/example/dutype/employer/screens/applications/ApplicationDetailScreen.kt; C:/Users/vamsi/StudioProjects/DutyPe/app/src/main/java/com/example/dutype/employer/screens/applications/EmployerApplicationManagementScreen.kt; C:/Users/vamsi/StudioProjects/DutyPe/app/src/main/java/com/example/dutype/employer/screens/EmployerHomeScreen.kt; C:/Users/vamsi/StudioProjects/DutyPe/app/src/main/java/com/example/dutype/employer/screens/ProfessionalApplicantManagementScreen.kt; C:/Users/vamsi/StudioProjects/DutyPe/app/src/main/java/com/example/dutype/navigation/EmployerMainScreen.kt; C:/Users/vamsi/StudioProjects/DutyPe/app/src/main/java/com/example/dutype/navigation/EmployerNavGraph.kt; C:/Users/vamsi/StudioProjects/DutyPe/app/src/main/java/com/example/dutype/navigation/MainNavGraph.kt; C:/Users/vamsi/StudioProjects/DutyPe/app/src/main/java/com/example/dutype/utils/ViewModelCleaner.kt"
"C:/Users/vamsi/StudioProjects/DutyPe/app/src/main/java/com/example/dutype/viewmodels/FirestoreEmployerJobViewModel.kt","YES","8","Referenced by 8 file(s)","C:/Users/vamsi/StudioProjects/DutyPe/app/src/main/java/com/example/dutype/employer/screens/AnalyticsScreen.kt; C:/Users/vamsi/StudioProjects/DutyPe/app/src/main/java/com/example/dutype/employer/screens/EditJobScreen.kt; C:/Users/vamsi/StudioProjects/DutyPe/app/src/main/java/com/example/dutype/employer/screens/EmployerHistoryScreen.kt; C:/Users/vamsi/StudioProjects/DutyPe/app/src/main/java/com/example/dutype/employer/screens/EmployerHomeScreen.kt; C:/Users/vamsi/StudioProjects/DutyPe/app/src/main/java/com/example/dutype/employer/screens/EmployerHistoryScreen.kt; C:/Users/vamsi/StudioProjects/DutyPe/app/src/main/java/com/example/dutype/employer/screens/PostJobScreen.kt; C:/Users/vamsi/StudioProjects/DutyPe/app/src/main/java/com/example/dutype/employer/screens/profilescreen/EmployerFormScreen.kt; C:/Users/vamsi/StudioProjects/DutyPe/app/src/main/java/com/example/dutype/repositories/FirestoreJobRepository.kt"
"C:/Users/vamsi/StudioProjects/DutyPe/app/src/main/java/com/example/dutype/viewmodels/FirestoreJobViewModel.kt","YES","11","Referenced by 11 file(s)","C:/Users/vamsi/StudioProjects/DutyPe/app/src/main/java/com/example/dutype/employer/screens/EditJobScreen.kt; C:/Users/vamsi/StudioProjects/DutyPe/app/src/main/java/com/example/dutype/employer/screens/PostJobScreen.kt; C:/Users/vamsi/StudioProjects/DutyPe/app/src/main/java/com/example/dutype/employer/screens/settings/EmployerAddressManagementScreen.kt; C:/Users/vamsi/StudioProjects/DutyPe/app/src/main/java/com/example/dutype/engine/NearestJobsEngine.kt; C:/Users/vamsi/StudioProjects/DutyPe/app/src/main/java/com/example/dutype/location/ManualLocationScreen.kt; C:/Users/vamsi/StudioProjects/DutyPe/app/src/main/java/com/example/dutype/navigation/WorkerNavGraph.kt; C:/Users/vamsi/StudioProjects/DutyPe/app/src/main/java/com/example/dutype/viewmodels/PaginationHelper.kt; C:/Users/vamsi/StudioProjects/DutyPe/app/src/main/java/com/example/dutype/worker/screens/JobApplicationScreen.kt; C:/Users/vamsi/StudioProjects/DutyPe/app/src/main/java/com/example/dutype/worker/screens/JobDescriptionScreen.kt; C:/Users/vamsi/StudioProjects/DutyPe/app/src/main/java/com/example/dutype/worker/screens/map/JobMapScreen.kt; C:/Users/vamsi/StudioProjects/DutyPe/app/src/main/java/com/example/dutype/worker/screens/WorkerHomeScreen.kt"
"C:/Users/vamsi/StudioProjects/DutyPe/app/src/main/java/com/example/dutype/viewmodels/InAppNotificationManagerViewModel.kt","PARTIAL","1","Referenced by 1 file(s)","C:/Users/vamsi/StudioProjects/DutyPe/app/src/main/java/com/example/dutype/notifications/InAppNotificationManager.kt"
"C:/Users/vamsi/StudioProjects/DutyPe/app/src/main/java/com/example/dutype/viewmodels/InAppReviewTriggerServiceHolder.kt","YES","7","Referenced by 7 file(s)","C:/Users/vamsi/StudioProjects/DutyPe/app/src/main/java/com/example/dutype/employer/screens/applications/EmployerApplicationManagementScreen.kt; C:/Users/vamsi/StudioProjects/DutyPe/app/src/main/java/com/example/dutype/employer/screens/EmployerReferEarnScreen.kt; C:/Users/vamsi/StudioProjects/DutyPe/app/src/main/java/com/example/dutype/employer/screens/MandatoryEmployerProfileSetupScreen.kt; C:/Users/vamsi/StudioProjects/DutyPe/app/src/main/java/com/example/dutype/employer/screens/PostJobScreen.kt; C:/Users/vamsi/StudioProjects/DutyPe/app/src/main/java/com/example/dutype/worker/screens/JobApplicationScreen.kt; C:/Users/vamsi/StudioProjects/DutyPe/app/src/main/java/com/example/dutype/worker/screens/MandatoryWorkerProfileSetupScreen.kt; C:/Users/vamsi/StudioProjects/DutyPe/app/src/main/java/com/example/dutype/worker/screens/WorkerReferEarnScreen.kt"
"C:/Users/vamsi/StudioProjects/DutyPe/app/src/main/java/com/example/dutype/viewmodels/OtpViewModel.kt","YES","3","Referenced by 3 file(s)","C:/Users/vamsi/StudioProjects/DutyPe/app/src/main/java/com/example/dutype/auth/EnhancedLoginScreen.kt; C:/Users/vamsi/StudioProjects/DutyPe/app/src/main/java/com/example/dutype/auth/RegisterScreen.kt; C:/Users/vamsi/StudioProjects/DutyPe/app/src/main/java/com/example/dutype/components/LoginBottomSheet.kt"
"C:/Users/vamsi/StudioProjects/DutyPe/app/src/main/java/com/example/dutype/viewmodels/PaginationHelper.kt","YES","3","Referenced by 3 file(s)","C:/Users/vamsi/StudioProjects/DutyPe/app/src/main/java/com/example/dutype/viewmodels/AllJobsViewModel.kt; C:/Users/vamsi/StudioProjects/DutyPe/app/src/main/java/com/example/dutype/viewmodels/CategoriesViewModel.kt; C:/Users/vamsi/StudioProjects/DutyPe/app/src/main/java/com/example/dutype/viewmodels/FirestoreJobViewModel.kt"
"C:/Users/vamsi/StudioProjects/DutyPe/app/src/main/java/com/example/dutype/viewmodels/ProfileCompletionViewModel.kt","YES","20","Referenced by 20 file(s)","C:/Users/vamsi/StudioProjects/DutyPe/app/src/main/java/com/example/dutype/auth/EnhancedLoginScreen.kt; C:/Users/vamsi/StudioProjects/DutyPe/app/src/main/java/com/example/dutype/auth/RegisterScreen.kt; C:/Users/vamsi/StudioProjects/DutyPe/app/src/main/java/com/example/dutype/components/LoginBottomSheet.kt; C:/Users/vamsi/StudioProjects/DutyPe/app/src/main/java/com/example/dutype/components/ProfessionalLogoutDialog.kt; C:/Users/vamsi/StudioProjects/DutyPe/app/src/main/java/com/example/dutype/employer/screens/EmployerCompanyDetailsScreen.kt; C:/Users/vamsi/StudioProjects/DutyPe/app/src/main/java/com/example/dutype/employer/screens/EmployerHomeScreen.kt; C:/Users/vamsi/StudioProjects/DutyPe/app/src/main/java/com/example/dutype/employer/screens/MandatoryEmployerProfileSetupScreen.kt; C:/Users/vamsi/StudioProjects/DutyPe/app/src/main/java/com/example/dutype/employer/screens/ProfessionalWorkerProfileViewScreen.kt; C:/Users/vamsi/StudioProjects/DutyPe/app/src/main/java/com/example/dutype/employer/screens/profile/EmployerDigitalVisitingCardScreen.kt; C:/Users/vamsi/StudioProjects/DutyPe/app/src/main/java/com/example/dutype/employer/screens/profilescreen/EmployerProfileScreen.kt; C:/Users/vamsi/StudioProjects/DutyPe/app/src/main/java/com/example/dutype/employer/screens/settings/EmployerMoreSettingsScreen.kt; C:/Users/vamsi/StudioProjects/DutyPe/app/src/main/java/com/example/dutype/navigation/MainNavGraph.kt; C:/Users/vamsi/StudioProjects/DutyPe/app/src/main/java/com/example/dutype/onboarding/OnboardingScreen.kt; C:/Users/vamsi/StudioProjects/DutyPe/app/src/main/java/com/example/dutype/utils/ViewModelCleaner.kt; C:/Users/vamsi/StudioProjects/DutyPe/app/src/main/java/com/example/dutype/viewmodels/OtpViewModel.kt; C:/Users/vamsi/StudioProjects/DutyPe/app/src/main/java/com/example/dutype/worker/screens/JobDescriptionScreen.kt; C:/Users/vamsi/StudioProjects/DutyPe/app/src/main/java/com/example/dutype/worker/screens/MandatoryWorkerProfileSetupScreen.kt; C:/Users/vamsi/StudioProjects/DutyPe/app/src/main/java/com/example/dutype/worker/screens/profile/DigitalVisitingCardScreen.kt; C:/Users/vamsi/StudioProjects/DutyPe/app/src/main/java/com/example/dutype/worker/screens/profile/WorkerProfile.kt; C:/Users/vamsi/StudioProjects/DutyPe/app/src/main/java/com/example/dutype/worker/screens/profile/WorkerProfileDetailsScreen.kt"
"C:/Users/vamsi/StudioProjects/DutyPe/app/src/main/java/com/example/dutype/viewmodels/ProfileViewModel.kt","YES","3","Referenced by 3 file(s)","C:/Users/vamsi/StudioProjects/DutyPe/app/src/main/java/com/example/dutype/utils/ViewModelCleaner.kt; C:/Users/vamsi/StudioProjects/DutyPe/app/src/main/java/com/example/dutype/worker/screens/JobApplicationScreen.kt; C:/Users/vamsi/StudioProjects/DutyPe/app/src/main/java/com/example/dutype/worker/screens/profile/WorkerProfile.kt"
"C:/Users/vamsi/StudioProjects/DutyPe/app/src/main/java/com/example/dutype/viewmodels/ReferralViewModel.kt","YES","3","Referenced by 3 file(s)","C:/Users/vamsi/StudioProjects/DutyPe/app/src/main/java/com/example/dutype/employer/screens/EmployerReferEarnScreen.kt; C:/Users/vamsi/StudioProjects/DutyPe/app/src/main/java/com/example/dutype/utils/ViewModelCleaner.kt; C:/Users/vamsi/StudioProjects/DutyPe/app/src/main/java/com/example/dutype/worker/screens/WorkerReferEarnScreen.kt"
"C:/Users/vamsi/StudioProjects/DutyPe/app/src/main/java/com/example/dutype/viewmodels/RoleManagementViewModel.kt","YES","6","Referenced by 6 file(s)","C:/Users/vamsi/StudioProjects/DutyPe/app/src/main/java/com/example/dutype/employer/screens/EmployerNotificationScreen.kt; C:/Users/vamsi/StudioProjects/DutyPe/app/src/main/java/com/example/dutype/employer/screens/profilescreen/EmployerProfileScreen.kt; C:/Users/vamsi/StudioProjects/DutyPe/app/src/main/java/com/example/dutype/managers/RoleSwitchManager.kt; C:/Users/vamsi/StudioProjects/DutyPe/app/src/main/java/com/example/dutype/utils/ViewModelCleaner.kt; C:/Users/vamsi/StudioProjects/DutyPe/app/src/main/java/com/example/dutype/worker/screens/profile/WorkerProfile.kt; C:/Users/vamsi/StudioProjects/DutyPe/app/src/main/java/com/example/dutype/worker/screens/WorkerNotificationScreen.kt"
"C:/Users/vamsi/StudioProjects/DutyPe/app/src/main/java/com/example/dutype/viewmodels/SavedJobsViewModel.kt","YES","8","Referenced by 8 file(s)","C:/Users/vamsi/StudioProjects/DutyPe/app/src/main/java/com/example/dutype/state/AppStateManager.kt; C:/Users/vamsi/StudioProjects/DutyPe/app/src/main/java/com/example/dutype/worker/components/home/HomeJobsSection.kt; C:/Users/vamsi/StudioProjects/DutyPe/app/src/main/java/com/example/dutype/worker/screens/AllJobsScreen.kt; C:/Users/vamsi/StudioProjects/DutyPe/app/src/main/java/com/example/dutype/worker/screens/CategoriesScreen.kt; C:/Users/vamsi/StudioProjects/DutyPe/app/src/main/java/com/example/dutype/worker/screens/JobDescriptionScreen.kt; C:/Users/vamsi/StudioProjects/DutyPe/app/src/main/java/com/example/dutype/worker/screens/myJobs/MyJobsScreen.kt; C:/Users/vamsi/StudioProjects/DutyPe/app/src/main/java/com/example/dutype/worker/screens/myJobs/SavedJobsList.kt; C:/Users/vamsi/StudioProjects/DutyPe/app/src/main/java/com/example/dutype/worker/screens/WorkerHomeScreen.kt"
"C:/Users/vamsi/StudioProjects/DutyPe/app/src/main/java/com/example/dutype/viewmodels/SmartJobApplicationViewModel.kt","YES","6","Referenced by 6 file(s)","C:/Users/vamsi/StudioProjects/DutyPe/app/src/main/java/com/example/dutype/employer/screens/ProfessionalWorkerProfileViewScreen.kt; C:/Users/vamsi/StudioProjects/DutyPe/app/src/main/java/com/example/dutype/worker/screens/JobApplicationScreen.kt; C:/Users/vamsi/StudioProjects/DutyPe/app/src/main/java/com/example/dutype/worker/screens/JobDescriptionScreen.kt; C:/Users/vamsi/StudioProjects/DutyPe/app/src/main/java/com/example/dutype/worker/screens/myJobs/MyJobsScreen.kt; C:/Users/vamsi/StudioProjects/DutyPe/app/src/main/java/com/example/dutype/worker/screens/WorkerHistoryScreen.kt; C:/Users/vamsi/StudioProjects/DutyPe/app/src/main/java/com/example/dutype/worker/screens/WorkerHomeScreen.kt"
"C:/Users/vamsi/StudioProjects/DutyPe/app/src/main/java/com/example/dutype/viewmodels/WorkerHomeViewModel.kt","YES","5","Referenced by 5 file(s)","C:/Users/vamsi/StudioProjects/DutyPe/app/src/main/java/com/example/dutype/employer/screens/EditJobScreen.kt; C:/Users/vamsi/StudioProjects/DutyPe/app/src/main/java/com/example/dutype/employer/screens/settings/EmployerAddressManagementScreen.kt; C:/Users/vamsi/StudioProjects/DutyPe/app/src/main/java/com/example/dutype/engine/NearestJobsEngine.kt; C:/Users/vamsi/StudioProjects/DutyPe/app/src/main/java/com/example/dutype/utils/ViewModelCleaner.kt; C:/Users/vamsi/StudioProjects/DutyPe/app/src/main/java/com/example/dutype/worker/screens/WorkerHomeScreen.kt"
"C:/Users/vamsi/StudioProjects/DutyPe/app/src/main/java/com/example/dutype/viewmodels/WorkVerificationViewModel.kt","YES","3","Referenced by 3 file(s)","C:/Users/vamsi/StudioProjects/DutyPe/app/src/main/java/com/example/dutype/navigation/EmployerMainScreen.kt; C:/Users/vamsi/StudioProjects/DutyPe/app/src/main/java/com/example/dutype/navigation/EmployerNavGraph.kt; C:/Users/vamsi/StudioProjects/DutyPe/app/src/main/java/com/example/dutype/navigation/WorkerNavGraph.kt"
"C:/Users/vamsi/StudioProjects/DutyPe/app/src/main/java/com/example/dutype/worker/components/EnhancedNavigationRow.kt","NO","0","No external references by file symbol",""
"C:/Users/vamsi/StudioProjects/DutyPe/app/src/main/java/com/example/dutype/worker/components/home/HomeCategoriesSection.kt","NO","0","No external references by file symbol",""
"C:/Users/vamsi/StudioProjects/DutyPe/app/src/main/java/com/example/dutype/worker/components/home/HomeHeader.kt","NO","0","No external references by file symbol",""
"C:/Users/vamsi/StudioProjects/DutyPe/app/src/main/java/com/example/dutype/worker/components/home/HomeJobsSection.kt","NO","0","No external references by file symbol",""
"C:/Users/vamsi/StudioProjects/DutyPe/app/src/main/java/com/example/dutype/worker/components/home/HomeStates.kt","NO","0","No external references by file symbol",""
"C:/Users/vamsi/StudioProjects/DutyPe/app/src/main/java/com/example/dutype/worker/components/JobApplicationCard.kt","PARTIAL","1","Referenced by 1 file(s)","C:/Users/vamsi/StudioProjects/DutyPe/app/src/main/java/com/example/dutype/worker/screens/myJobs/MyJobsScreen.kt"
"C:/Users/vamsi/StudioProjects/DutyPe/app/src/main/java/com/example/dutype/worker/components/ProfileCompletionPrompt.kt","NO","0","No external references by file symbol",""
"C:/Users/vamsi/StudioProjects/DutyPe/app/src/main/java/com/example/dutype/worker/components/WorkerJobCard.kt","PARTIAL","1","Referenced by 1 file(s)","C:/Users/vamsi/StudioProjects/DutyPe/app/src/main/java/com/example/dutype/components/JobSafetyBadge.kt"
"C:/Users/vamsi/StudioProjects/DutyPe/app/src/main/java/com/example/dutype/worker/models/ApplicationModels.kt","NO","0","No external references by file symbol",""
"C:/Users/vamsi/StudioProjects/DutyPe/app/src/main/java/com/example/dutype/worker/models/JobCardModels.kt","NO","0","No external references by file symbol",""
"C:/Users/vamsi/StudioProjects/DutyPe/app/src/main/java/com/example/dutype/worker/screens/AllJobsScreen.kt","YES","3","Referenced by 3 file(s)","C:/Users/vamsi/StudioProjects/DutyPe/app/src/main/java/com/example/dutype/navigation/WorkerNavGraph.kt; C:/Users/vamsi/StudioProjects/DutyPe/app/src/main/java/com/example/dutype/viewmodels/AllJobsViewModel.kt; C:/Users/vamsi/StudioProjects/DutyPe/app/src/main/java/com/example/dutype/viewmodels/FirestoreJobViewModel.kt"
"C:/Users/vamsi/StudioProjects/DutyPe/app/src/main/java/com/example/dutype/worker/screens/CategoriesScreen.kt","YES","3","Referenced by 3 file(s)","C:/Users/vamsi/StudioProjects/DutyPe/app/src/main/java/com/example/dutype/navigation/WorkerNavGraph.kt; C:/Users/vamsi/StudioProjects/DutyPe/app/src/main/java/com/example/dutype/viewmodels/FirestoreJobViewModel.kt; C:/Users/vamsi/StudioProjects/DutyPe/app/src/main/java/com/example/dutype/worker/screens/WorkerHomeScreen.kt"
"C:/Users/vamsi/StudioProjects/DutyPe/app/src/main/java/com/example/dutype/worker/screens/EarningsDashboardScreen.kt","PARTIAL","1","Referenced by 1 file(s)","C:/Users/vamsi/StudioProjects/DutyPe/app/src/main/java/com/example/dutype/navigation/WorkerNavGraph.kt"
"C:/Users/vamsi/StudioProjects/DutyPe/app/src/main/java/com/example/dutype/worker/screens/JobApplicationScreen.kt","PARTIAL","2","Referenced by 2 file(s)","C:/Users/vamsi/StudioProjects/DutyPe/app/src/main/java/com/example/dutype/navigation/WorkerNavGraph.kt; C:/Users/vamsi/StudioProjects/DutyPe/app/src/main/java/com/example/dutype/worker/screens/JobDescriptionScreen.kt"
"C:/Users/vamsi/StudioProjects/DutyPe/app/src/main/java/com/example/dutype/worker/screens/JobDescriptionScreen.kt","YES","9","Referenced by 9 file(s)","C:/Users/vamsi/StudioProjects/DutyPe/app/src/main/java/com/example/dutype/components/JobSafetyBadge.kt; C:/Users/vamsi/StudioProjects/DutyPe/app/src/main/java/com/example/dutype/components/WhatsAppApplyButton.kt; C:/Users/vamsi/StudioProjects/DutyPe/app/src/main/java/com/example/dutype/navigation/WorkerNavGraph.kt; C:/Users/vamsi/StudioProjects/DutyPe/app/src/main/java/com/example/dutype/worker/components/home/HomeJobsSection.kt; C:/Users/vamsi/StudioProjects/DutyPe/app/src/main/java/com/example/dutype/worker/screens/AllJobsScreen.kt; C:/Users/vamsi/StudioProjects/DutyPe/app/src/main/java/com/example/dutype/worker/screens/map/JobMapScreen.kt; C:/Users/vamsi/StudioProjects/DutyPe/app/src/main/java/com/example/dutype/worker/screens/myJobs/SavedJobsList.kt; C:/Users/vamsi/StudioProjects/DutyPe/app/src/main/java/com/example/dutype/worker/screens/WorkerHomeScreen.kt; C:/Users/vamsi/StudioProjects/DutyPe/app/src/main/java/com/example/dutype/workers/PendingApplicationNotificationWorker.kt"
"C:/Users/vamsi/StudioProjects/DutyPe/app/src/main/java/com/example/dutype/worker/screens/MandatoryWorkerProfileSetupScreen.kt","PARTIAL","2","Referenced by 2 file(s)","C:/Users/vamsi/StudioProjects/DutyPe/app/src/main/java/com/example/dutype/navigation/MainNavGraph.kt; C:/Users/vamsi/StudioProjects/DutyPe/app/src/main/java/com/example/dutype/navigation/WorkerNavGraph.kt"
"C:/Users/vamsi/StudioProjects/DutyPe/app/src/main/java/com/example/dutype/worker/screens/map/AzureMapHtml.kt","NO","0","No external references by file symbol",""
"C:/Users/vamsi/StudioProjects/DutyPe/app/src/main/java/com/example/dutype/worker/screens/map/GoogleMapView.kt","NO","0","No external references by file symbol",""
"C:/Users/vamsi/StudioProjects/DutyPe/app/src/main/java/com/example/dutype/worker/screens/map/JobMapScreen.kt","PARTIAL","2","Referenced by 2 file(s)","C:/Users/vamsi/StudioProjects/DutyPe/app/src/main/java/com/example/dutype/engine/NearestJobsEngine.kt; C:/Users/vamsi/StudioProjects/DutyPe/app/src/main/java/com/example/dutype/navigation/WorkerNavGraph.kt"
"C:/Users/vamsi/StudioProjects/DutyPe/app/src/main/java/com/example/dutype/worker/screens/myJobs/MyJobsScreen.kt","PARTIAL","2","Referenced by 2 file(s)","C:/Users/vamsi/StudioProjects/DutyPe/app/src/main/java/com/example/dutype/navigation/WorkerNavGraph.kt; C:/Users/vamsi/StudioProjects/DutyPe/app/src/main/java/com/example/dutype/ui/theme/WorkerGradientBackground.kt"
"C:/Users/vamsi/StudioProjects/DutyPe/app/src/main/java/com/example/dutype/worker/screens/myJobs/SavedJobsList.kt","PARTIAL","2","Referenced by 2 file(s)","C:/Users/vamsi/StudioProjects/DutyPe/app/src/main/java/com/example/dutype/metadata/UserMetadata.kt; C:/Users/vamsi/StudioProjects/DutyPe/app/src/main/java/com/example/dutype/worker/screens/myJobs/MyJobsScreen.kt"
"C:/Users/vamsi/StudioProjects/DutyPe/app/src/main/java/com/example/dutype/worker/screens/NotificationDetailScreen.kt","NO","0","No external references by file symbol",""
"C:/Users/vamsi/StudioProjects/DutyPe/app/src/main/java/com/example/dutype/worker/screens/profile/DigitalVisitingCardScreen.kt","PARTIAL","1","Referenced by 1 file(s)","C:/Users/vamsi/StudioProjects/DutyPe/app/src/main/java/com/example/dutype/navigation/WorkerNavGraph.kt"
"C:/Users/vamsi/StudioProjects/DutyPe/app/src/main/java/com/example/dutype/worker/screens/profile/WorkerProfile.kt","PARTIAL","2","Referenced by 2 file(s)","C:/Users/vamsi/StudioProjects/DutyPe/app/src/main/java/com/example/dutype/employer/screens/ProfessionalWorkerProfileViewScreen.kt; C:/Users/vamsi/StudioProjects/DutyPe/app/src/main/java/com/example/dutype/services/ProfileCompletionService.kt"
"C:/Users/vamsi/StudioProjects/DutyPe/app/src/main/java/com/example/dutype/worker/screens/profile/WorkerProfileDetailsScreen.kt","PARTIAL","2","Referenced by 2 file(s)","C:/Users/vamsi/StudioProjects/DutyPe/app/src/main/java/com/example/dutype/navigation/MainNavGraph.kt; C:/Users/vamsi/StudioProjects/DutyPe/app/src/main/java/com/example/dutype/navigation/WorkerNavGraph.kt"
"C:/Users/vamsi/StudioProjects/DutyPe/app/src/main/java/com/example/dutype/worker/screens/WorkerAboutScreen.kt","PARTIAL","1","Referenced by 1 file(s)","C:/Users/vamsi/StudioProjects/DutyPe/app/src/main/java/com/example/dutype/navigation/WorkerNavGraph.kt"
"C:/Users/vamsi/StudioProjects/DutyPe/app/src/main/java/com/example/dutype/worker/screens/WorkerHistoryScreen.kt","PARTIAL","2","Referenced by 2 file(s)","C:/Users/vamsi/StudioProjects/DutyPe/app/src/main/java/com/example/dutype/navigation/WorkerNavGraph.kt; C:/Users/vamsi/StudioProjects/DutyPe/app/src/main/java/com/example/dutype/utils/DateTimeUtils.kt"
"C:/Users/vamsi/StudioProjects/DutyPe/app/src/main/java/com/example/dutype/worker/screens/WorkerHomeScreen.kt","YES","8","Referenced by 8 file(s)","C:/Users/vamsi/StudioProjects/DutyPe/app/src/main/java/com/example/dutype/common/screens/SelectRoleScreen.kt; C:/Users/vamsi/StudioProjects/DutyPe/app/src/main/java/com/example/dutype/navigation/WorkerNavGraph.kt; C:/Users/vamsi/StudioProjects/DutyPe/app/src/main/java/com/example/dutype/performance/PerformanceTracker.kt; C:/Users/vamsi/StudioProjects/DutyPe/app/src/main/java/com/example/dutype/ui/theme/WorkerGradientBackground.kt; C:/Users/vamsi/StudioProjects/DutyPe/app/src/main/java/com/example/dutype/viewmodels/CategoriesViewModel.kt; C:/Users/vamsi/StudioProjects/DutyPe/app/src/main/java/com/example/dutype/viewmodels/WorkerHomeViewModel.kt; C:/Users/vamsi/StudioProjects/DutyPe/app/src/main/java/com/example/dutype/worker/screens/JobDescriptionScreen.kt; C:/Users/vamsi/StudioProjects/DutyPe/app/src/main/java/com/example/dutype/worker/screens/MandatoryWorkerProfileSetupScreen.kt"
"C:/Users/vamsi/StudioProjects/DutyPe/app/src/main/java/com/example/dutype/worker/screens/WorkerNotificationScreen.kt","PARTIAL","1","Referenced by 1 file(s)","C:/Users/vamsi/StudioProjects/DutyPe/app/src/main/java/com/example/dutype/navigation/WorkerNavGraph.kt"
"C:/Users/vamsi/StudioProjects/DutyPe/app/src/main/java/com/example/dutype/worker/screens/WorkerReferEarnScreen.kt","PARTIAL","1","Referenced by 1 file(s)","C:/Users/vamsi/StudioProjects/DutyPe/app/src/main/java/com/example/dutype/navigation/WorkerNavGraph.kt"
"C:/Users/vamsi/StudioProjects/DutyPe/app/src/main/java/com/example/dutype/worker/screens/WorkStartQRScreen.kt","PARTIAL","2","Referenced by 2 file(s)","C:/Users/vamsi/StudioProjects/DutyPe/app/src/main/java/com/example/dutype/navigation/WorkerNavGraph.kt; C:/Users/vamsi/StudioProjects/DutyPe/app/src/main/java/com/example/dutype/utils/DateTimeUtils.kt"
"C:/Users/vamsi/StudioProjects/DutyPe/app/src/main/java/com/example/dutype/worker/sync/JobSyncWorker.kt","PARTIAL","1","Referenced by 1 file(s)","C:/Users/vamsi/StudioProjects/DutyPe/app/src/main/java/com/example/dutype/DutyPeApplication.kt"
"C:/Users/vamsi/StudioProjects/DutyPe/app/src/main/java/com/example/dutype/worker/viewmodels/WorkerNotificationViewModel.kt","YES","3","Referenced by 3 file(s)","C:/Users/vamsi/StudioProjects/DutyPe/app/src/main/java/com/example/dutype/utils/ViewModelCleaner.kt; C:/Users/vamsi/StudioProjects/DutyPe/app/src/main/java/com/example/dutype/worker/screens/NotificationDetailScreen.kt; C:/Users/vamsi/StudioProjects/DutyPe/app/src/main/java/com/example/dutype/worker/screens/WorkerNotificationScreen.kt"
"C:/Users/vamsi/StudioProjects/DutyPe/app/src/main/java/com/example/dutype/workers/GuestEngagementWorker.kt","PARTIAL","1","Referenced by 1 file(s)","C:/Users/vamsi/StudioProjects/DutyPe/app/src/main/java/com/example/dutype/MainActivity.kt"
"C:/Users/vamsi/StudioProjects/DutyPe/app/src/main/java/com/example/dutype/workers/PendingApplicationNotificationWorker.kt","PARTIAL","1","Referenced by 1 file(s)","C:/Users/vamsi/StudioProjects/DutyPe/app/src/main/java/com/example/dutype/DutyPeApplication.kt"
